method_name,alpha,bias_strength,noise_name,xyz_std,ryp_std,noise_group,num_seeds,mean_AP_03,std_AP_03,mean_AP_05,std_AP_05,mean_AP_07,std_AP_07,mean_drop_03,mean_drop_05,mean_drop_07,mean_status_ok_ratio,mean_fusion_reliability,mean_AP_03_pct,std_AP_03_pct,mean_AP_05_pct,std_AP_05_pct,mean_AP_07_pct,std_AP_07_pct,mean_drop_03_pct,mean_drop_05_pct,mean_drop_07_pct
uncertainty_fusion_attbias_a0p05_b0p5,0.05,0.5,clean,0.0,0.0,clean,3,0.8695161587810828,0.0002625052116737283,0.8528620004446553,0.0003173015602882549,0.752455550271344,0.0008950922966471352,0.0,0.0,0.0,0.9025844930417496,3,86.95161587810829,0.02625052116737283,85.28620004446553,0.03173015602882549,75.2455550271344,0.08950922966471353,0.0,0.0,0.0
uncertainty_fusion_attbias_a0p05_b0p5,0.05,0.5,pos_0p2_rot_14p0,0.2,14.0,high_noise,3,0.6867604689352707,0.0886947104175753,0.6468992063970211,0.0480113637162794,0.5580365050428738,0.015449733445207291,0.18275568984581206,0.20596279404763415,0.19441904522847017,0.8343273691186216,3,68.67604689352706,8.86947104175753,64.68992063970211,4.80113637162794,55.80365050428738,1.5449733445207292,18.275568984581206,20.596279404763415,19.441904522847018
uncertainty_fusion_attbias_a0p05_b0p5,0.05,0.5,pos_0p2_rot_4p0,0.2,4.0,medium_noise,3,0.7520280238330092,0.12161261021991426,0.7195117369064601,0.11361345906214708,0.6046924906301505,0.07823939825074183,0.11748813494807357,0.13335026353819526,0.14776305964119354,0.8883366467859509,3,75.20280238330092,12.161261021991427,71.95117369064602,11.361345906214709,60.46924906301505,7.823939825074183,11.748813494807358,13.335026353819526,14.776305964119354
uncertainty_fusion_attbias_a0p05_b0p5,0.05,0.5,pos_0p2_rot_8p0,0.2,8.0,high_noise,3,0.7066379184951025,0.12212833367390277,0.6737280859489115,0.10099005188341241,0.5742310421538988,0.03652815574463586,0.1628782402859802,0.17913391449574378,0.17822450811744536,0.8724320742213386,3,70.66379184951025,12.212833367390278,67.37280859489115,10.099005188341241,57.42310421538988,3.652815574463586,16.28782402859802,17.913391449574377,17.822450811744535
uncertainty_fusion_attbias_a0p05_b0p5,0.05,0.5,pos_0p5_rot_14p0,0.5,14.0,high_noise,3,0.6821473319251047,0.09379398688698565,0.6475135429291518,0.051335068929282565,0.5626646884921545,0.006302770426341022,0.18736882685597808,0.20534845751550354,0.1897908617791896,0.8220675944333996,3,68.21473319251047,9.379398688698565,64.75135429291518,5.133506892928256,56.26646884921544,0.6302770426341021,18.73688268559781,20.534845751550353,18.979086177918962
uncertainty_fusion_attbias_a0p05_b0p5,0.05,0.5,pos_0p5_rot_4p0,0.5,4.0,medium_noise,3,0.7402059793660211,0.11260144293373758,0.7081635809670906,0.10594705490577269,0.6054749433511079,0.07182893807358157,0.12931017941506173,0.14469841947756476,0.14698060692023626,0.878727634194831,3,74.0205979366021,11.260144293373758,70.81635809670907,10.594705490577269,60.547494335110784,7.182893807358156,12.931017941506173,14.469841947756477,14.698060692023626
uncertainty_fusion_attbias_a0p05_b0p5,0.05,0.5,pos_0p5_rot_8p0,0.5,8.0,high_noise,3,0.6969355996543601,0.11327703491824352,0.6697524054482287,0.09561123937487519,0.577189959379023,0.0346132437330037,0.17258055912672257,0.18310959499642668,0.17526559089232116,0.8611663353214049,3,69.69355996543601,11.327703491824352,66.97524054482287,9.561123937487519,57.71899593790229,3.46132437330037,17.25805591267226,18.310959499642667,17.526559089232116
uncertainty_fusion_attbias_a0p05_b0p5,0.05,0.5,pos_1p0_rot_14p0,1.0,14.0,high_noise,3,0.6663103431280358,0.08667057855918388,0.6415809318832686,0.05964110439619432,0.5636553360836722,0.010191114083525844,0.20320581565304688,0.2112810685613867,0.1888002141876718,0.7740225314777999,3,66.63103431280358,8.667057855918388,64.15809318832686,5.964110439619432,56.36553360836722,1.0191114083525843,20.32058156530469,21.128106856138672,18.88002141876718
uncertainty_fusion_attbias_a0p05_b0p5,0.05,0.5,pos_1p0_rot_4p0,1.0,4.0,medium_noise,3,0.7188553770762027,0.1031829706230347,0.6905492410219746,0.09439295815334904,0.5978585607405202,0.0657169463050302,0.1506607817048801,0.16231275942268078,0.1545969895308238,0.852882703777336,3,71.88553770762027,10.31829706230347,69.05492410219746,9.439295815334905,59.78585607405202,6.5716946305030195,15.066078170488009,16.231275942268077,15.459698953082379
uncertainty_fusion_attbias_a0p05_b0p5,0.05,0.5,pos_1p0_rot_8p0,1.0,8.0,high_noise,3,0.6827972230314933,0.10446526766595915,0.6611351984499166,0.08953834838706802,0.5764784098259258,0.04344420058710492,0.18671893574958942,0.1917268019947386,0.17597714044541826,0.820079522862823,3,68.27972230314933,10.446526766595914,66.11351984499166,8.953834838706802,57.64784098259258,4.344420058710492,18.671893574958943,19.17268019947386,17.597714044541828
uncertainty_fusion_attbias_a0p05_b0p5,0.05,0.5,pos_1p5_rot_14p0,1.5,14.0,high_noise,3,0.6622886684523347,0.0715721160403224,0.6422685788668011,0.05163338864978076,0.5679652003312397,0.012864563031822445,0.20722749032874807,0.21059342157785418,0.1844903499401044,0.6895294897282969,3,66.22886684523347,7.15721160403224,64.22685788668011,5.163338864978076,56.79652003312397,1.2864563031822445,20.722749032874805,21.05934215778542,18.44903499401044
uncertainty_fusion_attbias_a0p05_b0p5,0.05,0.5,pos_1p5_rot_4p0,1.5,4.0,medium_noise,3,0.6959027977669896,0.08845307898577502,0.6731824432367809,0.08168855909128846,0.5910001723979813,0.05695121043904571,0.1736133610140932,0.17967955720787432,0.16145537787336284,0.7667329357190192,3,69.59027977669896,8.845307898577502,67.31824432367809,8.168855909128846,59.10001723979813,5.695121043904571,17.361336101409318,17.967955720787433,16.145537787336284
uncertainty_fusion_attbias_a0p05_b0p5,0.05,0.5,pos_1p5_rot_8p0,1.5,8.0,high_noise,3,0.6719896921880105,0.09385673204523778,0.6512078225947128,0.0831473710779788,0.5717790961388239,0.04300671057472898,0.1975264665930722,0.20165417784994247,0.18067645413252012,0.7422133863485753,3,67.19896921880105,9.385673204523778,65.12078225947128,8.31473710779788,57.17790961388239,4.300671057472898,19.752646659307217,20.165417784994247,18.067645413252013
uncertainty_fusion_attbias_a0p05_b0p5,0.05,0.5,pos_2p0_rot_14p0,2.0,14.0,high_noise,3,0.6674844303996342,0.060016620006605584,0.6518706930166122,0.04864569423946741,0.5807196856590299,0.02709586289913351,0.20203172838144845,0.20099130742804316,0.17173586461231413,0.5072895957587806,3,66.74844303996342,6.001662000660558,65.18706930166121,4.86456942394674,58.071968565902985,2.709586289913351,20.203172838144845,20.099130742804316,17.173586461231412
uncertainty_fusion_attbias_a0p05_b0p5,0.05,0.5,pos_2p0_rot_4p0,2.0,4.0,high_noise,3,0.6813237788604297,0.07452677909188041,0.6671782570532393,0.07092432697920462,0.5929754701831546,0.04586439044875385,0.1881923799206531,0.1856837433914161,0.1594800800881895,0.5931080185553347,3,68.13237788604297,7.452677909188041,66.71782570532393,7.0924326979204615,59.297547018315456,4.586439044875386,18.81923799206531,18.56837433914161,15.94800800881895
uncertainty_fusion_attbias_a0p05_b0p5,0.05,0.5,pos_2p0_rot_8p0,2.0,8.0,high_noise,3,0.6753122178105433,0.08093470219430253,0.6599427875705537,0.07264943180183041,0.5865138819020671,0.044543661920466826,0.1942039409705395,0.1929192128741016,0.16594166836927693,0.57090788601723,3,67.53122178105433,8.093470219430253,65.99427875705537,7.264943180183041,58.65138819020671,4.454366192046683,19.42039409705395,19.29192128741016,16.59416683692769
uncertainty_fusion_attbias_a0p05_b0p5,0.05,0.5,pos_only_0p2,0.2,0.0,low_noise,3,0.8623210698013392,0.0046149642670722975,0.8452910769804222,0.0037024189225275607,0.746809704091012,0.0037083891354908667,0.007195088979743636,0.007570923464233011,0.005645846180332148,0.8946322067594433,3,86.23210698013392,0.46149642670722973,84.52910769804221,0.37024189225275606,74.6809704091012,0.37083891354908666,0.7195088979743636,0.757092346423301,0.5645846180332148
uncertainty_fusion_attbias_a0p05_b0p5,0.05,0.5,pos_only_1p0,1.0,0.0,medium_noise,3,0.8185119658589622,0.01669840578690217,0.7985077590272972,0.015789756290699508,0.693984211262843,0.014347742214360793,0.051004192922120405,0.05435424141735804,0.0584713390085011,0.8499005964214712,3,81.85119658589622,1.669840578690217,79.85077590272972,1.5789756290699508,69.3984211262843,1.4347742214360792,5.100419292212041,5.435424141735804,5.84713390085011
uncertainty_fusion_attbias_a0p05_b0p5,0.05,0.5,pos_only_2p0,2.0,0.0,high_noise,3,0.740886480397124,0.03393530087290262,0.7202853190495352,0.029297806526429337,0.6316774393209984,0.015816777290249672,0.1286296783839587,0.13257668139512013,0.12077811095034574,0.596752816434725,3,74.0886480397124,3.393530087290262,72.02853190495352,2.9297806526429335,63.16774393209984,1.5816777290249673,12.86296783839587,13.257668139512013,12.077811095034575
uncertainty_fusion_attbias_a0p05_b0p5,0.05,0.5,rot_only_14p0,0.0,14.0,high_noise,3,0.6894692566852972,0.08991243590101348,0.6458473727547059,0.043695574745796946,0.5539926099977532,0.022408654982395103,0.18004690209578558,0.20701462768994935,0.19846294027359082,0.8363154406891983,3,68.94692566852973,8.991243590101348,64.58473727547059,4.369557474579695,55.39926099977532,2.2408654982395104,18.00469020957856,20.701462768994936,19.846294027359082
uncertainty_fusion_attbias_a0p05_b0p5,0.05,0.5,rot_only_4p0,0.0,4.0,medium_noise,3,0.751419640970698,0.12049055017784928,0.7148538964752139,0.11270748920351559,0.599647333304676,0.08553894670271045,0.11809651781038477,0.13800810396944138,0.152808216966668,0.8956262425447316,3,75.1419640970698,12.049055017784928,71.48538964752139,11.270748920351558,59.9647333304676,8.553894670271045,11.809651781038477,13.800810396944138,15.280821696666798
uncertainty_fusion_attbias_a0p05_b0p5,0.05,0.5,rot_only_8p0,0.0,8.0,high_noise,3,0.7097479155400777,0.11759716103912053,0.6753160059830119,0.10123296550769503,0.5681823923155723,0.037060901632192805,0.15976824324100516,0.17754599446164346,0.18427315795577168,0.8790589794565937,3,70.97479155400777,11.759716103912053,67.5316005983012,10.123296550769503,56.818239231557236,3.7060901632192804,15.976824324100516,17.754599446164345,18.42731579557717
uncertainty_fusion_attbias_a0p05_b1p0,0.05,1.0,clean,0.0,0.0,clean,3,0.8691119929008716,9.483316338232067e-05,0.8529630570704952,0.0008163532022815266,0.75280732024331,0.0012596048734369021,0.0,0.0,0.0,0.9025844930417496,3,86.91119929008715,0.009483316338232068,85.29630570704953,0.08163532022815266,75.280732024331,0.12596048734369023,0.0,0.0,0.0
uncertainty_fusion_attbias_a0p05_b1p0,0.05,1.0,pos_0p2_rot_14p0,0.2,14.0,high_noise,3,0.6922287892391523,0.08440971698703816,0.6526440621284054,0.044148993773101365,0.5640604447538339,0.01762510211733031,0.17688320366171947,0.2003189949420898,0.1887468754894762,0.8343273691186216,3,69.22287892391523,8.440971698703816,65.26440621284054,4.414899377310136,56.40604447538339,1.762510211733031,17.688320366171947,20.03189949420898,18.87468754894762
uncertainty_fusion_attbias_a0p05_b1p0,0.05,1.0,pos_0p2_rot_4p0,0.2,4.0,medium_noise,3,0.7539425549544413,0.11731306037469844,0.7223817269646773,0.11037995325878347,0.6085175851857514,0.07595988189567787,0.11516943794643049,0.13058133010581782,0.14428973505755868,0.8883366467859509,3,75.39425549544413,11.731306037469844,72.23817269646773,11.037995325878347,60.85175851857514,7.595988189567787,11.51694379464305,13.058133010581782,14.428973505755868
uncertainty_fusion_attbias_a0p05_b1p0,0.05,1.0,pos_0p2_rot_8p0,0.2,8.0,high_noise,3,0.7111780120618337,0.11722255169393224,0.6790350123156879,0.09676125305374252,0.5793159969672655,0.03436443663979866,0.1579339808390379,0.1739280447548074,0.17349132327604444,0.8724320742213386,3,71.11780120618337,11.722255169393224,67.90350123156878,9.676125305374251,57.93159969672656,3.4364436639798654,15.79339808390379,17.392804475480737,17.349132327604444
uncertainty_fusion_attbias_a0p05_b1p0,0.05,1.0,pos_0p5_rot_14p0,0.5,14.0,high_noise,3,0.6882701182471997,0.09077791709984571,0.6535186988369972,0.048258230062198995,0.5681462821868147,0.008768361701550997,0.18084187465367188,0.19944435823349796,0.18466103805649528,0.8220675944333996,3,68.82701182471997,9.077791709984572,65.35186988369972,4.8258230062199,56.81462821868147,0.8768361701550996,18.084187465367187,19.944435823349796,18.466103805649528
uncertainty_fusion_attbias_a0p05_b1p0,0.05,1.0,pos_0p5_rot_4p0,0.5,4.0,medium_noise,3,0.7423628765088387,0.10863591387289318,0.7113273400024536,0.1022933509232551,0.6093190057967472,0.06984263819596717,0.126749116392033,0.14163571706804165,0.14348831444656276,0.878727634194831,3,74.23628765088387,10.863591387289318,71.13273400024536,10.22933509232551,60.931900579674725,6.984263819596717,12.674911639203302,14.163571706804165,14.348831444656277
uncertainty_fusion_attbias_a0p05_b1p0,0.05,1.0,pos_0p5_rot_8p0,0.5,8.0,high_noise,3,0.7017254474811964,0.10910242326287856,0.674886254564838,0.09125865407359965,0.5827643155774612,0.031847190174553945,0.16738654541967532,0.17807680250565716,0.17004300466584885,0.8611663353214049,3,70.17254474811963,10.910242326287856,67.4886254564838,9.125865407359965,58.27643155774612,3.1847190174553943,16.73865454196753,17.807680250565717,17.004300466584883
uncertainty_fusion_attbias_a0p05_b1p0,0.05,1.0,pos_1p0_rot_14p0,1.0,14.0,high_noise,3,0.6749249552846974,0.08179795278765373,0.6508245898887165,0.055458715262086615,0.5714861963902601,0.007323793566557169,0.19418703761617429,0.20213846718177872,0.18132112385305002,0.7740225314777999,3,67.49249552846975,8.179795278765372,65.08245898887165,5.5458715262086615,57.14861963902601,0.7323793566557169,19.41870376161743,20.213846718177873,18.132112385305003
uncertainty_fusion_attbias_a0p05_b1p0,0.05,1.0,pos_1p0_rot_4p0,1.0,4.0,medium_noise,3,0.7218254566449295,0.09881441948739049,0.6942062803483546,0.09073397992917152,0.6025733999628493,0.06270979497649096,0.1472865362559422,0.1587567767221405,0.15023392028046076,0.852882703777336,3,72.18254566449295,9.881441948739049,69.42062803483546,9.073397992917153,60.257339996284934,6.270979497649096,14.728653625594221,15.87567767221405,15.023392028046075
uncertainty_fusion_attbias_a0p05_b1p0,0.05,1.0,pos_1p0_rot_8p0,1.0,8.0,high_noise,3,0.6884383317902847,0.10031383052564229,0.667065902123317,0.08594938117755276,0.5823651532333561,0.0393029755766279,0.1806736611105871,0.18589715494717826,0.17044216700995388,0.820079522862823,3,68.84383317902846,10.031383052564228,66.70659021233169,8.594938117755275,58.23651532333562,3.93029755766279,18.06736611105871,18.589715494717826,17.04421670099539
uncertainty_fusion_attbias_a0p05_b1p0,0.05,1.0,pos_1p5_rot_14p0,1.5,14.0,high_noise,3,0.6707172284155827,0.06712942831808215,0.6513264932226495,0.04802034118168963,0.5762920117078182,0.011491369470359242,0.198394764485289,0.20163656384784576,0.17651530853549194,0.6895294897282969,3,67.07172284155827,6.712942831808215,65.13264932226494,4.802034118168963,57.62920117078182,1.1491369470359243,19.8394764485289,20.163656384784577,17.651530853549193
uncertainty_fusion_attbias_a0p05_b1p0,0.05,1.0,pos_1p5_rot_4p0,1.5,4.0,medium_noise,3,0.700211766563054,0.08446335306798602,0.6778514744947888,0.07857109663144657,0.5958866578232225,0.05368163800779583,0.16890022633781773,0.17511158257570647,0.1569206624200876,0.7667329357190192,3,70.0211766563054,8.446335306798602,67.78514744947887,7.857109663144657,59.588665782322245,5.368163800779583,16.890022633781772,17.511158257570646,15.692066242008758
uncertainty_fusion_attbias_a0p05_b1p0,0.05,1.0,pos_1p5_rot_8p0,1.5,8.0,high_noise,3,0.6774588573533392,0.08879166716091698,0.6573679690667692,0.07866329183208519,0.5777458743709104,0.03999373013626542,0.19165313554753247,0.19559508800372605,0.17506144587239966,0.7422133863485753,3,67.74588573533393,8.879166716091698,65.73679690667691,7.866329183208519,57.77458743709104,3.999373013626542,19.165313554753247,19.559508800372605,17.506144587239966
uncertainty_fusion_attbias_a0p05_b1p0,0.05,1.0,pos_2p0_rot_14p0,2.0,14.0,high_noise,3,0.6771111396242895,0.05333051353573156,0.6620917398785056,0.04222792614531244,0.5878403956228574,0.022087847841990593,0.1920008532765822,0.1908713171919896,0.16496692462045268,0.5072895957587806,3,67.71111396242895,5.333051353573156,66.20917398785056,4.222792614531244,58.78403956228574,2.208784784199059,19.20008532765822,19.08713171919896,16.496692462045267
uncertainty_fusion_attbias_a0p05_b1p0,0.05,1.0,pos_2p0_rot_4p0,2.0,4.0,high_noise,3,0.6865005818555074,0.06992438969439503,0.6728602972598249,0.06652147965651255,0.6000853364897497,0.04175771350525746,0.1826114110453643,0.18010275981067025,0.1527219837535603,0.5931080185553347,3,68.65005818555075,6.992438969439503,67.28602972598249,6.652147965651254,60.00853364897497,4.175771350525746,18.26114110453643,18.010275981067025,15.27219837535603
uncertainty_fusion_attbias_a0p05_b1p0,0.05,1.0,pos_2p0_rot_8p0,2.0,8.0,high_noise,3,0.6820286101553458,0.07562523026464138,0.6671663094202304,0.06754092971702057,0.5938650753954088,0.04013282095141994,0.18708338274552594,0.1857967476502647,0.15894224484790132,0.57090788601723,3,68.20286101553458,7.562523026464138,66.71663094202303,6.754092971702057,59.38650753954088,4.013282095141994,18.708338274552595,18.579674765026468,15.894224484790131
uncertainty_fusion_attbias_a0p05_b1p0,0.05,1.0,pos_only_0p2,0.2,0.0,low_noise,3,0.8623559861511563,0.0032383789705077103,0.8458565859006549,0.0024692818534083295,0.7476457875583686,0.002530182818752542,0.0067560067497154375,0.0071064711698402006,0.005161532684941387,0.8946322067594433,3,86.23559861511563,0.32383789705077104,84.58565859006549,0.24692818534083294,74.76457875583687,0.2530182818752542,0.6756006749715437,0.71064711698402,0.5161532684941388
uncertainty_fusion_attbias_a0p05_b1p0,0.05,1.0,pos_only_1p0,1.0,0.0,medium_noise,3,0.8188785746976229,0.01598841959849582,0.7996007825324182,0.015019094019019073,0.6957462664196995,0.014812963752548631,0.05023341820324889,0.053362274538077036,0.05706105382361052,0.8499005964214712,3,81.8878574697623,1.598841959849582,79.96007825324182,1.5019094019019072,69.57462664196996,1.4812963752548631,5.023341820324889,5.3362274538077035,5.706105382361052
uncertainty_fusion_attbias_a0p05_b1p0,0.05,1.0,pos_only_2p0,2.0,0.0,high_noise,3,0.7447771344810614,0.03644390811030164,0.7251921375411342,0.032023512406773265,0.6368099210719347,0.018685168317260827,0.12433485841981029,0.12777091952936104,0.11599739917137535,0.596752816434725,3,74.47771344810614,3.644390811030164,72.51921375411342,3.2023512406773267,63.68099210719347,1.8685168317260827,12.433485841981028,12.777091952936104,11.599739917137535
uncertainty_fusion_attbias_a0p05_b1p0,0.05,1.0,rot_only_14p0,0.0,14.0,high_noise,3,0.6948383580766099,0.08596582870222821,0.6511419390258647,0.04062260911678705,0.5593664772202461,0.021999330394483218,0.17427363482426186,0.20182111804463052,0.19344084302306394,0.8363154406891983,3,69.48383580766098,8.596582870222822,65.11419390258646,4.062260911678705,55.93664772202461,2.1999330394483216,17.427363482426188,20.18211180446305,19.344084302306396
uncertainty_fusion_attbias_a0p05_b1p0,0.05,1.0,rot_only_4p0,0.0,4.0,medium_noise,3,0.7531887245191845,0.1164007732337375,0.7170900714036744,0.10893062431256119,0.603806602974302,0.0836956014171711,0.11592326838168725,0.13587298566682063,0.14900071726900813,0.8956262425447316,3,75.31887245191845,11.64007732337375,71.70900714036745,10.89306243125612,60.3806602974302,8.369560141717109,11.592326838168725,13.587298566682064,14.900071726900812
uncertainty_fusion_attbias_a0p05_b1p0,0.05,1.0,rot_only_8p0,0.0,8.0,high_noise,3,0.7139753807849876,0.1134923232462783,0.6806194891178529,0.09722148367351946,0.5737871222942651,0.033425775168287784,0.15513661211588414,0.17234356795264238,0.17902019794904497,0.8790589794565937,3,71.39753807849875,11.34923232462783,68.06194891178528,9.722148367351945,57.37871222942651,3.3425775168287784,15.513661211588413,17.23435679526424,17.902019794904497
uncertainty_fusion_attbias_a0p05_b2p0,0.05,2.0,clean,0.0,0.0,clean,3,0.8684969818170153,0.0002889875475236322,0.8531358239976408,0.00043858748551839,0.754468307941945,0.0014972029773994038,0.0,0.0,0.0,0.9025844930417496,3,86.84969818170153,0.028898754752363223,85.31358239976407,0.043858748551839,75.4468307941945,0.1497202977399404,0.0,0.0,0.0
uncertainty_fusion_attbias_a0p05_b2p0,0.05,2.0,pos_0p2_rot_14p0,0.2,14.0,high_noise,3,0.7016759849418747,0.07971317870518436,0.66268728589936,0.04036828875671755,0.5748077909859984,0.020762781874164082,0.1668209968751406,0.19044853809828077,0.17966051695594662,0.8343273691186216,3,70.16759849418747,7.971317870518437,66.268728589936,4.036828875671755,57.48077909859985,2.076278187416408,16.68209968751406,19.044853809828076,17.96605169559466
uncertainty_fusion_attbias_a0p05_b2p0,0.05,2.0,pos_0p2_rot_4p0,0.2,4.0,medium_noise,3,0.7577672420460497,0.11192802277165148,0.7270202601757777,0.10473253813115538,0.61458829611075,0.07264201924363069,0.11072973977096552,0.1261155638218631,0.13988001183119503,0.8883366467859509,3,75.77672420460497,11.192802277165148,72.70202601757777,10.473253813115537,61.458829611075004,7.264201924363069,11.072973977096552,12.61155638218631,13.988001183119502
uncertainty_fusion_attbias_a0p05_b2p0,0.05,2.0,pos_0p2_rot_8p0,0.2,8.0,high_noise,3,0.718231312904224,0.11102982460758061,0.6870613144006508,0.09073539246615163,0.5876700302403581,0.031510517296754484,0.15026566891279125,0.16607450959699002,0.16679827770158692,0.8724320742213386,3,71.82313129042241,11.102982460758062,68.70613144006508,9.073539246615162,58.767003024035816,3.1510517296754483,15.026566891279124,16.607450959699,16.679827770158692
uncertainty_fusion_attbias_a0p05_b2p0,0.05,2.0,pos_0p5_rot_14p0,0.5,14.0,high_noise,3,0.6982898487725745,0.08446363389980276,0.6644818493216906,0.04322230517308866,0.5786015167627746,0.013312053453386336,0.1702071330444408,0.18865397467595016,0.1758667911791704,0.8220675944333996,3,69.82898487725745,8.446363389980275,66.44818493216906,4.322230517308865,57.86015167627746,1.3312053453386337,17.02071330444408,18.865397467595017,17.58667911791704
uncertainty_fusion_attbias_a0p05_b2p0,0.05,2.0,pos_0p5_rot_4p0,0.5,4.0,medium_noise,3,0.7462409277853239,0.10263971689892439,0.7165987805573154,0.09616468597727441,0.6149874985116671,0.06563633800905372,0.12225605403169133,0.13653704344032538,0.13948080943027796,0.878727634194831,3,74.62409277853239,10.263971689892438,71.65987805573154,9.616468597727442,61.498749851166714,6.563633800905372,12.225605403169133,13.653704344032539,13.948080943027797
uncertainty_fusion_attbias_a0p05_b2p0,0.05,2.0,pos_0p5_rot_8p0,0.5,8.0,high_noise,3,0.7089530906573351,0.10169765928237283,0.6831241508827652,0.08393007979799849,0.5914539542924279,0.026804464918790093,0.15954389115968007,0.17001167311487556,0.1630143536495171,0.8611663353214049,3,70.89530906573351,10.169765928237283,68.31241508827652,8.39300797979985,59.14539542924279,2.6804464918790094,15.954389115968008,17.001167311487556,16.30143536495171
uncertainty_fusion_attbias_a0p05_b2p0,0.05,2.0,pos_1p0_rot_14p0,1.0,14.0,high_noise,3,0.6853614394772384,0.07419093351178564,0.6617502158111933,0.04896767594487314,0.5822586015861703,0.005393049890694689,0.183135542339777,0.19138560818644745,0.1722097063557747,0.7740225314777999,3,68.53614394772384,7.419093351178565,66.17502158111932,4.896767594487314,58.225860158617024,0.5393049890694689,18.3135542339777,19.138560818644745,17.22097063557747
uncertainty_fusion_attbias_a0p05_b2p0,0.05,2.0,pos_1p0_rot_4p0,1.0,4.0,medium_noise,3,0.7269711283889131,0.09445575946187096,0.6999743438761016,0.0868776023004947,0.6105616103182222,0.06013940939024442,0.14152585342810217,0.15316148012153918,0.1439066976237228,0.852882703777336,3,72.69711283889131,9.445575946187097,69.99743438761016,8.68776023004947,61.05616103182222,6.013940939024442,14.152585342810218,15.316148012153919,14.39066976237228
uncertainty_fusion_attbias_a0p05_b2p0,0.05,2.0,pos_1p0_rot_8p0,1.0,8.0,high_noise,3,0.6950415865808234,0.09273393831802584,0.6751407644053559,0.07988357779115117,0.5909915505375043,0.03388182580456428,0.1734553952361918,0.1779950595922849,0.1634767574044407,0.820079522862823,3,69.50415865808233,9.273393831802585,67.51407644053559,7.988357779115117,59.09915505375043,3.3881825804564283,17.34553952361918,17.79950595922849,16.34767574044407
uncertainty_fusion_attbias_a0p05_b2p0,0.05,2.0,pos_1p5_rot_14p0,1.5,14.0,high_noise,3,0.6829418530925953,0.06058346820036943,0.6645448434629527,0.042894546548406624,0.5889401345994895,0.007406101003754112,0.18555512872441995,0.18859098053468804,0.16552817334245562,0.6895294897282969,3,68.29418530925952,6.0583468200369435,66.45448434629527,4.289454654840663,58.894013459948944,0.7406101003754112,18.555512872441994,18.859098053468802,16.55281733424556
uncertainty_fusion_attbias_a0p05_b2p0,0.05,2.0,pos_1p5_rot_4p0,1.5,4.0,medium_noise,3,0.7067250900543044,0.07922055888891012,0.685586437484553,0.07402257206831328,0.6056521396665547,0.0516386301193019,0.16177189176271098,0.16754938651308773,0.14881616827539032,0.7667329357190192,3,70.67250900543044,7.922055888891013,68.5586437484553,7.402257206831328,60.56521396665547,5.16386301193019,16.1771891762711,16.754938651308773,14.881616827539032
uncertainty_fusion_attbias_a0p05_b2p0,0.05,2.0,pos_1p5_rot_8p0,1.5,8.0,high_noise,3,0.6874827175784158,0.08255176117961274,0.6686248482223833,0.07356177658334806,0.5887179976047179,0.03711559305241212,0.18101426423859943,0.1845109757752574,0.1657503103372272,0.7422133863485753,3,68.74827175784158,8.255176117961275,66.86248482223833,7.356177658334806,58.87179976047179,3.7115593052412117,18.10142642385994,18.45109757752574,16.57503103372272
uncertainty_fusion_attbias_a0p05_b2p0,0.05,2.0,pos_2p0_rot_14p0,2.0,14.0,high_noise,3,0.6881750879001559,0.047843542070561046,0.6734343240235977,0.03709509150437011,0.598694986041332,0.019465228046100055,0.18032189391685935,0.17970149997404306,0.15577332190061308,0.5072895957587806,3,68.8175087900156,4.784354207056104,67.34343240235977,3.709509150437011,59.8694986041332,1.9465228046100056,18.032189391685936,17.970149997404306,15.577332190061307
uncertainty_fusion_attbias_a0p05_b2p0,0.05,2.0,pos_2p0_rot_4p0,2.0,4.0,high_noise,3,0.6938863677339713,0.06417290094984382,0.6802999567657494,0.0608478294360916,0.6086647566997369,0.037902371466422356,0.174610614083044,0.17283586723189134,0.14580355124220815,0.5931080185553347,3,69.38863677339712,6.417290094984382,68.02999567657494,6.08478294360916,60.86647566997369,3.7902371466422355,17.461061408304403,17.283586723189135,14.580355124220814
uncertainty_fusion_attbias_a0p05_b2p0,0.05,2.0,pos_2p0_rot_8p0,2.0,8.0,high_noise,3,0.6921768311186,0.06829487282964582,0.6782489046681178,0.06088978797920189,0.6043556452235557,0.03573100811599879,0.17632015069841542,0.17488691932952294,0.15011266271838938,0.57090788601723,3,69.21768311186,6.829487282964582,67.82489046681178,6.088978797920189,60.43556452235557,3.573100811599879,17.632015069841543,17.488691932952293,15.011266271838938
uncertainty_fusion_attbias_a0p05_b2p0,0.05,2.0,pos_only_0p2,0.2,0.0,low_noise,3,0.8629005677967257,0.0033452103153831184,0.8470433889652252,0.002390186104784194,0.750214905562704,0.002212602820632037,0.005596414020289579,0.006092435032415522,0.0042534023792411,0.8946322067594433,3,86.29005677967257,0.33452103153831186,84.70433889652253,0.23901861047841944,75.0214905562704,0.2212602820632037,0.559641402028958,0.6092435032415522,0.42534023792411
uncertainty_fusion_attbias_a0p05_b2p0,0.05,2.0,pos_only_1p0,1.0,0.0,medium_noise,3,0.8206543902143543,0.015305760346141627,0.8020169625157489,0.014417737278060127,0.699513996395455,0.014255029900713747,0.04784259160266106,0.05111886148189182,0.05495431154649003,0.8499005964214712,3,82.06543902143542,1.5305760346141628,80.2016962515749,1.4417737278060128,69.9513996395455,1.4255029900713747,4.784259160266106,5.111886148189182,5.495431154649003
uncertainty_fusion_attbias_a0p05_b2p0,0.05,2.0,pos_only_2p0,2.0,0.0,high_noise,3,0.7491888952902594,0.035941671718417154,0.7306522847034144,0.032014592069617785,0.6433644510178934,0.02017248464933997,0.1193080865267558,0.12248353929422635,0.11110385692405163,0.596752816434725,3,74.91888952902595,3.594167171841715,73.06522847034144,3.2014592069617787,64.33644510178934,2.017248464933997,11.93080865267558,12.248353929422635,11.110385692405163
uncertainty_fusion_attbias_a0p05_b2p0,0.05,2.0,rot_only_14p0,0.0,14.0,high_noise,3,0.70311902536579,0.08075562610634238,0.6608829752414062,0.038051649228274656,0.569826323041323,0.026197576572427213,0.16537795645122533,0.19225284875623463,0.18464198490062209,0.8363154406891983,3,70.311902536579,8.075562610634238,66.08829752414061,3.8051649228274655,56.982632304132295,2.6197576572427215,16.537795645122532,19.225284875623462,18.46419849006221
uncertainty_fusion_attbias_a0p05_b2p0,0.05,2.0,rot_only_4p0,0.0,4.0,medium_noise,3,0.7564941683365957,0.11256144159307406,0.7219718851971572,0.10536017889046953,0.6102464219523491,0.08061252180631966,0.11200281348041963,0.1311639388004836,0.14422188598959593,0.8956262425447316,3,75.64941683365957,11.256144159307405,72.19718851971571,10.536017889046953,61.02464219523491,8.061252180631966,11.200281348041962,13.11639388004836,14.422188598959593
uncertainty_fusion_attbias_a0p05_b2p0,0.05,2.0,rot_only_8p0,0.0,8.0,high_noise,3,0.721003777407809,0.10664287065376538,0.6890383621957517,0.09044744069719822,0.5829810026493026,0.029783643875093257,0.14749320440920632,0.16409746180188908,0.17148730529264236,0.8790589794565937,3,72.1003777407809,10.664287065376538,68.90383621957517,9.044744069719822,58.29810026493026,2.9783643875093255,14.749320440920632,16.409746180188908,17.148730529264235
uncertainty_fusion_attbias_a0p10_b0p5,0.1,0.5,clean,0.0,0.0,clean,3,0.8697566637311303,0.0003586677949269485,0.8528554477130156,0.00037822213549132416,0.7520698719466602,0.0009291367291955617,0.0,0.0,0.0,0.9025844930417496,3,86.97566637311303,0.03586677949269485,85.28554477130156,0.037822213549132414,75.20698719466601,0.09291367291955617,0.0,0.0,0.0
uncertainty_fusion_attbias_a0p10_b0p5,0.1,0.5,pos_0p2_rot_14p0,0.2,14.0,high_noise,3,0.6916412857568695,0.0851103923586112,0.6522308114978074,0.04540608630413687,0.5640421324523499,0.018388640483125194,0.1781153779742607,0.20062463621520818,0.1880277394943102,0.8343273691186216,3,69.16412857568695,8.511039235861121,65.22308114978074,4.540608630413686,56.40421324523499,1.8388640483125194,17.81153779742607,20.062463621520816,18.80277394943102
uncertainty_fusion_attbias_a0p10_b0p5,0.1,0.5,pos_0p2_rot_4p0,0.2,4.0,medium_noise,3,0.7542615882303351,0.11883606756288514,0.7225157763788204,0.11106719128043771,0.6082761196849178,0.07700593143321341,0.11549507550079523,0.13033967133419522,0.14379375226174232,0.8883366467859509,3,75.4261588230335,11.883606756288515,72.25157763788204,11.106719128043771,60.82761196849178,7.700593143321341,11.549507550079523,13.033967133419521,14.379375226174233
uncertainty_fusion_attbias_a0p10_b0p5,0.1,0.5,pos_0p2_rot_8p0,0.2,8.0,high_noise,3,0.7105191290200955,0.11813471848829678,0.6783543814085401,0.0974583047773402,0.5786829694778812,0.034407862837487896,0.15923753471103472,0.17450106630447537,0.1733869024687789,0.8724320742213386,3,71.05191290200955,11.813471848829678,67.83543814085401,9.745830477734021,57.868296947788124,3.4407862837487895,15.923753471103472,17.450106630447536,17.33869024687789
uncertainty_fusion_attbias_a0p10_b0p5,0.1,0.5,pos_0p5_rot_14p0,0.5,14.0,high_noise,3,0.6873688947862989,0.09041383883845477,0.6531161489227367,0.048542393070362344,0.5686007274548015,0.009708687386321897,0.1823877689448314,0.19973929879027877,0.1834691444918586,0.8220675944333996,3,68.73688947862989,9.041383883845477,65.31161489227367,4.854239307036234,56.86007274548015,0.9708687386321897,18.23877689448314,19.973929879027878,18.34691444918586
uncertainty_fusion_attbias_a0p10_b0p5,0.1,0.5,pos_0p5_rot_4p0,0.5,4.0,medium_noise,3,0.7423827875500812,0.1104710206567205,0.7109129008561851,0.10377548268749921,0.608976607150444,0.07107243565031013,0.12737387618104898,0.14194254685683058,0.14309326479621606,0.878727634194831,3,74.23827875500812,11.04710206567205,71.09129008561851,10.377548268749921,60.8976607150444,7.107243565031013,12.737387618104897,14.194254685683058,14.309326479621607
uncertainty_fusion_attbias_a0p10_b0p5,0.1,0.5,pos_0p5_rot_8p0,0.5,8.0,high_noise,3,0.700736079381601,0.10983255089677878,0.6738491779062669,0.09212374362946704,0.5817826561894304,0.03256651875913272,0.16902058434952918,0.17900626980674872,0.1702872157572298,0.8611663353214049,3,70.0736079381601,10.983255089677877,67.38491779062669,9.212374362946704,58.17826561894304,3.256651875913272,16.90205843495292,17.900626980674872,17.02872157572298
uncertainty_fusion_attbias_a0p10_b0p5,0.1,0.5,pos_1p0_rot_14p0,1.0,14.0,high_noise,3,0.6719369324623375,0.08314542037375226,0.6477184747046684,0.05687254739317228,0.5695220171446209,0.008678249986789122,0.1978197312687927,0.2051369730083471,0.18254785480203925,0.7740225314777999,3,67.19369324623375,8.314542037375226,64.77184747046684,5.687254739317228,56.95220171446209,0.8678249986789122,19.781973126879272,20.51369730083471,18.254785480203925
uncertainty_fusion_attbias_a0p10_b0p5,0.1,0.5,pos_1p0_rot_4p0,1.0,4.0,medium_noise,3,0.721273299945262,0.10127258264826584,0.6937488428175976,0.09292632465825088,0.6020122762692957,0.06407020638371627,0.1484833637858682,0.15910660489541792,0.1500575956773645,0.852882703777336,3,72.1273299945262,10.127258264826585,69.37488428175976,9.292632465825088,60.201227626929565,6.407020638371627,14.84833637858682,15.910660489541792,15.005759567736451
uncertainty_fusion_attbias_a0p10_b0p5,0.1,0.5,pos_1p0_rot_8p0,1.0,8.0,high_noise,3,0.6876058571153837,0.10099971829479039,0.6665804138090667,0.08661355207955942,0.5818780761965395,0.04045675811248107,0.18215080661574648,0.18627503390394876,0.17019179575012053,0.820079522862823,3,68.76058571153837,10.099971829479038,66.65804138090667,8.661355207955943,58.18780761965395,4.045675811248107,18.21508066157465,18.627503390394875,17.019179575012053
uncertainty_fusion_attbias_a0p10_b0p5,0.1,0.5,pos_1p5_rot_14p0,1.5,14.0,high_noise,3,0.6682655558422388,0.06851918191144499,0.6487492774639049,0.048890596667727736,0.5747903464271783,0.011648433927538691,0.20149110788889144,0.2041061702491106,0.1772795255194818,0.6895294897282969,3,66.82655558422388,6.851918191144499,64.87492774639048,4.8890596667727735,57.47903464271783,1.164843392753869,20.149110788889143,20.41061702491106,17.72795255194818
uncertainty_fusion_attbias_a0p10_b0p5,0.1,0.5,pos_1p5_rot_4p0,1.5,4.0,medium_noise,3,0.6998576255504654,0.0863630162947616,0.6777211006007947,0.07962949225118889,0.5962723631839505,0.05441987726566822,0.16989903818066476,0.1751343471122209,0.15579750876270956,0.7667329357190192,3,69.98576255504653,8.63630162947616,67.77211006007947,7.962949225118889,59.62723631839505,5.441987726566822,16.989903818066477,17.51343471122209,15.579750876270957
uncertainty_fusion_attbias_a0p10_b0p5,0.1,0.5,pos_1p5_rot_8p0,1.5,8.0,high_noise,3,0.6771454603070763,0.08964638194677002,0.657105148588471,0.07922194890420746,0.5775127120832066,0.040275542154816504,0.19261120342405383,0.19575029912454456,0.17455715986345344,0.7422133863485753,3,67.71454603070764,8.964638194677002,65.7105148588471,7.922194890420746,57.75127120832067,4.027554215481651,19.261120342405384,19.575029912454454,17.455715986345343
uncertainty_fusion_attbias_a0p10_b0p5,0.1,0.5,pos_2p0_rot_14p0,2.0,14.0,high_noise,3,0.6723038828201697,0.05640379064213473,0.6572927692901863,0.04508608243360062,0.5864173886766402,0.02380930481464309,0.1974527809109605,0.19556267842282915,0.16565248327001994,0.5072895957587806,3,67.23038828201697,5.640379064213473,65.72927692901864,4.508608243360062,58.64173886766402,2.380930481464309,19.74527809109605,19.556267842282914,16.565248327001996
uncertainty_fusion_attbias_a0p10_b0p5,0.1,0.5,pos_2p0_rot_4p0,2.0,4.0,high_noise,3,0.6854512673676104,0.07217056991764909,0.6719001487975209,0.06861559247787818,0.5983643611347962,0.04370850121872562,0.18430539636351972,0.18095529891549467,0.15370551081186393,0.5931080185553347,3,68.54512673676105,7.217056991764909,67.19001487975208,6.8615592477878184,59.83643611347962,4.370850121872562,18.430539636351973,18.095529891549468,15.370551081186393
uncertainty_fusion_attbias_a0p10_b0p5,0.1,0.5,pos_2p0_rot_8p0,2.0,8.0,high_noise,3,0.6801373086312958,0.07723601557623055,0.6650596532578698,0.0692261083894031,0.5918354100484274,0.041751844321304764,0.18961935509983438,0.18779579445514585,0.16023446189823268,0.57090788601723,3,68.01373086312958,7.723601557623056,66.50596532578697,6.92261083894031,59.183541004842745,4.175184432130476,18.961935509983437,18.779579445514585,16.023446189823268
uncertainty_fusion_attbias_a0p10_b0p5,0.1,0.5,pos_only_0p2,0.2,0.0,low_noise,3,0.8628485050062444,0.004371285104185643,0.84599411145342,0.0035014396768826075,0.7483464247289354,0.0033274111946745588,0.006908158724885742,0.006861336259595656,0.0037234472177246625,0.8946322067594433,3,86.28485050062444,0.43712851041856426,84.599411145342,0.3501439676882607,74.83464247289355,0.3327411194674559,0.6908158724885742,0.6861336259595656,0.37234472177246625
uncertainty_fusion_attbias_a0p10_b0p5,0.1,0.5,pos_only_1p0,1.0,0.0,medium_noise,3,0.8196202034980026,0.01594412982661716,0.8002526235722182,0.015156777202331714,0.6963795164167705,0.014121884667593773,0.0501364602331276,0.052602824140797456,0.05569035552988958,0.8499005964214712,3,81.96202034980026,1.5944129826617162,80.02526235722182,1.5156777202331713,69.63795164167705,1.4121884667593774,5.01364602331276,5.260282414079746,5.569035552988958
uncertainty_fusion_attbias_a0p10_b0p5,0.1,0.5,pos_only_2p0,2.0,0.0,high_noise,3,0.7442160829933803,0.03376510987719213,0.7245533053176305,0.02931301037573583,0.6364584005099849,0.016284354336493504,0.12554058073775007,0.12830214239538504,0.11561147143667516,0.596752816434725,3,74.42160829933803,3.376510987719213,72.45533053176305,2.931301037573583,63.645840050998494,1.6284354336493505,12.554058073775007,12.830214239538504,11.561147143667515
uncertainty_fusion_attbias_a0p10_b0p5,0.1,0.5,rot_only_14p0,0.0,14.0,high_noise,3,0.6938202479632011,0.08658278444591778,0.6503417574299255,0.04153812326580251,0.5588518389708583,0.024167106471500107,0.1759364157679292,0.20251369028309005,0.19321803297580176,0.8363154406891983,3,69.38202479632011,8.658278444591778,65.03417574299255,4.153812326580251,55.88518389708583,2.4167106471500106,17.59364157679292,20.251369028309004,19.321803297580175
uncertainty_fusion_attbias_a0p10_b0p5,0.1,0.5,rot_only_4p0,0.0,4.0,medium_noise,3,0.7531005181471538,0.11838703286166631,0.717021751389978,0.11053923806550187,0.6030998659113532,0.08424469171157874,0.11665614558397641,0.13583369632303752,0.14897000603530683,0.8956262425447316,3,75.31005181471538,11.83870328616663,71.7021751389978,11.053923806550186,60.30998659113532,8.424469171157874,11.66561455839764,13.583369632303752,14.897000603530683
uncertainty_fusion_attbias_a0p10_b0p5,0.1,0.5,rot_only_8p0,0.0,8.0,high_noise,3,0.7135374793146759,0.1142791140300501,0.6800046599787053,0.09823649466376679,0.5733834750120782,0.03434239722547883,0.15621918441645424,0.17285078773431026,0.17868639693458188,0.8790589794565937,3,71.3537479314676,11.42791140300501,68.00046599787053,9.82364946637668,57.33834750120782,3.4342397225478827,15.621918441645425,17.285078773431025,17.86863969345819
uncertainty_fusion_attbias_a0p10_b1p0,0.1,1.0,clean,0.0,0.0,clean,3,0.8696459887887437,0.00020662669678930712,0.8535463269865146,0.00046166296547365306,0.7557063254579605,0.0008329934325676587,0.0,0.0,0.0,0.9025844930417496,3,86.96459887887437,0.020662669678930712,85.35463269865146,0.04616629654736531,75.57063254579604,0.08329934325676587,0.0,0.0,0.0
uncertainty_fusion_attbias_a0p10_b1p0,0.1,1.0,pos_0p2_rot_14p0,0.2,14.0,high_noise,3,0.7019342828049018,0.07969858063726276,0.6627478932860573,0.040401605527706226,0.5750169345437328,0.02086589072766209,0.16771170598384197,0.19079843370045735,0.18068939091422756,0.8343273691186216,3,70.19342828049018,7.969858063726276,66.27478932860573,4.040160552770622,57.50169345437328,2.0865890727662086,16.771170598384195,19.079843370045737,18.068939091422756
uncertainty_fusion_attbias_a0p10_b1p0,0.1,1.0,pos_0p2_rot_4p0,0.2,4.0,medium_noise,3,0.7582231314066462,0.11219687870000677,0.727562606096103,0.10516150231534167,0.6148091874035301,0.07293528071914572,0.11142285738209752,0.12598372089041163,0.14089713805443027,0.8883366467859509,3,75.82231314066462,11.219687870000678,72.75626060961031,10.516150231534168,61.480918740353005,7.293528071914572,11.142285738209752,12.598372089041163,14.089713805443028
uncertainty_fusion_attbias_a0p10_b1p0,0.1,1.0,pos_0p2_rot_8p0,0.2,8.0,high_noise,3,0.7186162839191125,0.1111082633820292,0.6872931022327974,0.09074124636398564,0.5878887401611469,0.031511136061179716,0.1510297048696313,0.1662532247537173,0.16781758529681345,0.8724320742213386,3,71.86162839191125,11.11082633820292,68.72931022327974,9.074124636398565,58.78887401611469,3.1511136061179714,15.10297048696313,16.62532247537173,16.781758529681344
uncertainty_fusion_attbias_a0p10_b1p0,0.1,1.0,pos_0p5_rot_14p0,0.5,14.0,high_noise,3,0.6981346360511488,0.08479652141335647,0.6643750129861257,0.043539228374606664,0.57880465572846,0.01366369935512076,0.171511352737595,0.18917131400038897,0.17690166972950036,0.8220675944333996,3,69.81346360511488,8.479652141335647,66.43750129861257,4.353922837460667,57.880465572846,1.366369935512076,17.1511352737595,18.917131400038897,17.690166972950035
uncertainty_fusion_attbias_a0p10_b1p0,0.1,1.0,pos_0p5_rot_4p0,0.5,4.0,medium_noise,3,0.7465523902057646,0.10346049009087874,0.71682980525311,0.09701647878689972,0.6150311693015871,0.0665655733243946,0.12309359858297908,0.13671652173340468,0.1406751561563733,0.878727634194831,3,74.65523902057646,10.346049009087874,71.682980525311,9.701647878689972,61.50311693015871,6.656557332439459,12.309359858297908,13.671652173340467,14.06751561563733
uncertainty_fusion_attbias_a0p10_b1p0,0.1,1.0,pos_0p5_rot_8p0,0.5,8.0,high_noise,3,0.7092821826070882,0.10207122137580671,0.6832938963307614,0.08452271856133577,0.5917820814632381,0.027246859549360795,0.16036380618165558,0.17025243065575327,0.1639242439947223,0.8611663353214049,3,70.92821826070882,10.20712213758067,68.32938963307615,8.452271856133576,59.178208146323804,2.7246859549360796,16.03638061816556,17.025243065575328,16.39242439947223
uncertainty_fusion_attbias_a0p10_b1p0,0.1,1.0,pos_1p0_rot_14p0,1.0,14.0,high_noise,3,0.684366888789925,0.07541686519132121,0.6608245250515966,0.05007185796719532,0.5821142356264281,0.0054175594970987465,0.18527909999881864,0.19272180193491814,0.1735920898315323,0.7740225314777999,3,68.4366888789925,7.541686519132121,66.08245250515967,5.007185796719532,58.21142356264281,0.5417559497098746,18.527909999881864,19.272180193491813,17.35920898315323
uncertainty_fusion_attbias_a0p10_b1p0,0.1,1.0,pos_1p0_rot_4p0,1.0,4.0,medium_noise,3,0.7272110126426915,0.09497603817687632,0.7002737406389236,0.08736907950385962,0.6105774681131809,0.06053888276770403,0.1424349761460522,0.1532725863475912,0.14512885734477945,0.852882703777336,3,72.72110126426915,9.497603817687631,70.02737406389235,8.736907950385962,61.05774681131809,6.053888276770403,14.24349761460522,15.327258634759119,14.512885734477946
uncertainty_fusion_attbias_a0p10_b1p0,0.1,1.0,pos_1p0_rot_8p0,1.0,8.0,high_noise,3,0.695693167761783,0.09389684236261943,0.6755566091918072,0.08082130997513369,0.5912658786410997,0.03475471882740111,0.17395282102696075,0.17798971779470749,0.16444044681686068,0.820079522862823,3,69.5693167761783,9.389684236261942,67.55566091918071,8.082130997513369,59.12658786410997,3.475471882740111,17.395282102696076,17.798971779470747,16.44404468168607
uncertainty_fusion_attbias_a0p10_b1p0,0.1,1.0,pos_1p5_rot_14p0,1.5,14.0,high_noise,3,0.6829696731884404,0.06141869312430867,0.6645960519886027,0.04336940203482812,0.5892606904079399,0.007560213914212008,0.18667631560030337,0.18895027499791192,0.1664456350500205,0.6895294897282969,3,68.29696731884404,6.141869312430867,66.45960519886027,4.336940203482812,58.92606904079399,0.7560213914212008,18.667631560030337,18.89502749979119,16.64456350500205
uncertainty_fusion_attbias_a0p10_b1p0,0.1,1.0,pos_1p5_rot_4p0,1.5,4.0,medium_noise,3,0.7072131398792415,0.07976416032687945,0.6858688011949648,0.07463052227269329,0.6059153768387857,0.051919398364738086,0.1624328489095022,0.16767752579154982,0.14979094861917466,0.7667329357190192,3,70.72131398792415,7.976416032687945,68.58688011949648,7.463052227269329,60.59153768387857,5.191939836473809,16.243284890950218,16.767752579154983,14.979094861917467
uncertainty_fusion_attbias_a0p10_b1p0,0.1,1.0,pos_1p5_rot_8p0,1.5,8.0,high_noise,3,0.6881863425590726,0.08273332837491168,0.6691965659174753,0.07368008147118264,0.5893000488615397,0.03661826885033758,0.18145964622967103,0.1843497610690393,0.1664062765964207,0.7422133863485753,3,68.81863425590726,8.273332837491168,66.91965659174754,7.368008147118264,58.930004886153974,3.661826885033758,18.145964622967103,18.43497610690393,16.64062765964207
uncertainty_fusion_attbias_a0p10_b1p0,0.1,1.0,pos_2p0_rot_14p0,2.0,14.0,high_noise,3,0.6871239690194247,0.04825521920154668,0.6726662175609498,0.03701057481028694,0.5983143145485584,0.01864628304522917,0.182522019769319,0.1808801094255649,0.157392010909402,0.5072895957587806,3,68.71239690194247,4.825521920154667,67.26662175609498,3.701057481028694,59.831431454855846,1.864628304522917,18.2522019769319,18.08801094255649,15.739201090940199
uncertainty_fusion_attbias_a0p10_b1p0,0.1,1.0,pos_2p0_rot_4p0,2.0,4.0,high_noise,3,0.6943347156854917,0.06500907403582543,0.6810532263515173,0.06147894098242813,0.6094418784531211,0.03827015460783113,0.17531127310325215,0.17249310063499734,0.1462644470048392,0.5931080185553347,3,69.43347156854917,6.500907403582542,68.10532263515174,6.147894098242813,60.944187845312115,3.8270154607831133,17.531127310325214,17.249310063499735,14.62644470048392
uncertainty_fusion_attbias_a0p10_b1p0,0.1,1.0,pos_2p0_rot_8p0,2.0,8.0,high_noise,3,0.6914293771304925,0.06890433665847484,0.6773711028476354,0.06137218803583493,0.6040937524544223,0.03594394165219628,0.17821661165825128,0.17617522413887932,0.15161257300353806,0.57090788601723,3,69.14293771304925,6.890433665847484,67.73711028476353,6.137218803583493,60.409375245442234,3.5943941652196285,17.821661165825127,17.617522413887933,15.161257300353807
uncertainty_fusion_attbias_a0p10_b1p0,0.1,1.0,pos_only_0p2,0.2,0.0,low_noise,3,0.8632702665311491,0.003210442607606714,0.8474497785121796,0.002237186837602164,0.7503867933305113,0.0019296674235506172,0.00637572225759464,0.006096548474335051,0.005319532127449067,0.8946322067594433,3,86.32702665311491,0.3210442607606714,84.74497785121797,0.2237186837602164,75.03867933305114,0.19296674235506173,0.637572225759464,0.6096548474335051,0.5319532127449067
uncertainty_fusion_attbias_a0p10_b1p0,0.1,1.0,pos_only_1p0,1.0,0.0,medium_noise,3,0.8213762078706117,0.015069276091169391,0.8027788696182109,0.01433501755776145,0.700049948306645,0.014280409303280412,0.04826978091813202,0.05076745736830379,0.05565637715131544,0.8499005964214712,3,82.13762078706117,1.506927609116939,80.27788696182108,1.433501755776145,70.0049948306645,1.4280409303280412,4.826978091813202,5.076745736830379,5.565637715131544
uncertainty_fusion_attbias_a0p10_b1p0,0.1,1.0,pos_only_2p0,2.0,0.0,high_noise,3,0.7494916844813563,0.0353302199614085,0.7309861433712014,0.03123622782742023,0.6437120105043802,0.01990040048718728,0.12015430430738756,0.12256018361531333,0.11199431495358025,0.596752816434725,3,74.94916844813562,3.5330219961408496,73.09861433712014,3.1236227827420233,64.37120105043802,1.990040048718728,12.015430430738757,12.256018361531334,11.199431495358025
uncertainty_fusion_attbias_a0p10_b1p0,0.1,1.0,rot_only_14p0,0.0,14.0,high_noise,3,0.7030953630338077,0.08080832901296028,0.6609653625488124,0.03807536994031148,0.569842333327526,0.026288634357004473,0.16655062575493607,0.1925809644377022,0.18586399213043436,0.8363154406891983,3,70.30953630338077,8.080832901296029,66.09653625488124,3.807536994031148,56.984233332752595,2.6288634357004472,16.655062575493606,19.25809644377022,18.586399213043435
uncertainty_fusion_attbias_a0p10_b1p0,0.1,1.0,rot_only_4p0,0.0,4.0,medium_noise,3,0.7568905385510053,0.11283292306010309,0.7224112187530366,0.10552365875404643,0.6103603311670495,0.08059624855260986,0.11275545023773854,0.13113510823347818,0.1453459942909109,0.8956262425447316,3,75.68905385510052,11.28329230601031,72.24112187530366,10.552365875404643,61.03603311670495,8.059624855260985,11.275545023773855,13.113510823347818,14.534599429091092
uncertainty_fusion_attbias_a0p10_b1p0,0.1,1.0,rot_only_8p0,0.0,8.0,high_noise,3,0.7215033432314604,0.10685693587294573,0.6893736472987294,0.0905771958576249,0.5832507975842117,0.02996655631663594,0.1481426455572833,0.16417267968778523,0.1724555278737486,0.8790589794565937,3,72.15033432314604,10.685693587294573,68.93736472987294,9.05771958576249,58.325079758421175,2.996655631663594,14.814264555728329,16.417267968778525,17.24555278737486
uncertainty_fusion_attbias_a0p10_b2p0,0.1,2.0,clean,0.0,0.0,clean,3,0.8695241808082804,0.00023926569460513966,0.8547043612943975,0.00028600629779482786,0.757528441213316,0.00045799322885409644,0.0,0.0,0.0,0.9025844930417496,3,86.95241808082804,0.023926569460513965,85.47043612943975,0.028600629779482786,75.75284412133159,0.045799322885409645,0.0,0.0,0.0
uncertainty_fusion_attbias_a0p10_b2p0,0.1,2.0,pos_0p2_rot_14p0,0.2,14.0,high_noise,3,0.7157381485193848,0.0712180179397301,0.6792465308706905,0.03533576169394351,0.5930067027424781,0.026514654607570236,0.15378603228889556,0.1754578304237071,0.16452173847083784,0.8343273691186216,3,71.57381485193848,7.12180179397301,67.92465308706906,3.5335761693943506,59.300670274247814,2.6514654607570236,15.378603228889556,17.54578304237071,16.452173847083785
uncertainty_fusion_attbias_a0p10_b2p0,0.1,2.0,pos_0p2_rot_4p0,0.2,4.0,medium_noise,3,0.7647695837237215,0.10218707334518336,0.7367669571349028,0.0970544490447422,0.6271871608188966,0.06807966779493742,0.10475459708455896,0.11793740415949465,0.1303412803944194,0.8883366467859509,3,76.47695837237215,10.218707334518335,73.67669571349028,9.70544490447422,62.71871608188966,6.807966779493742,10.475459708455896,11.793740415949465,13.034128039441939
uncertainty_fusion_attbias_a0p10_b2p0,0.1,2.0,pos_0p2_rot_8p0,0.2,8.0,high_noise,3,0.7296912716223548,0.10079983405843503,0.7008746321402609,0.08217604784949893,0.6030100969864698,0.027969792965309707,0.13983290918592553,0.15382972915413662,0.15451834422684618,0.8724320742213386,3,72.96912716223548,10.079983405843503,70.08746321402609,8.217604784949893,60.30100969864698,2.7969792965309708,13.983290918592553,15.382972915413662,15.451834422684618
uncertainty_fusion_attbias_a0p10_b2p0,0.1,2.0,pos_0p5_rot_14p0,0.5,14.0,high_noise,3,0.7141431460070357,0.07416170223095607,0.6830156859526264,0.036863932118877424,0.595971843012054,0.021686254129711965,0.1553810348012448,0.1716886753417712,0.161556598201262,0.8220675944333996,3,71.41431460070356,7.416170223095607,68.30156859526264,3.6863932118877423,59.597184301205395,2.1686254129711964,15.53810348012448,17.16886753417712,16.1556598201262
uncertainty_fusion_attbias_a0p10_b2p0,0.1,2.0,pos_0p5_rot_4p0,0.5,4.0,medium_noise,3,0.7533454637017049,0.09551924827926057,0.7259064666026194,0.08928498378636965,0.6261132576674029,0.06053188940037841,0.11617871710657561,0.1287978946917782,0.13141518354591308,0.878727634194831,3,75.33454637017049,9.551924827926058,72.59064666026194,8.928498378636965,62.611325766740286,6.053188940037841,11.61787171065756,12.879789469177819,13.141518354591309
uncertainty_fusion_attbias_a0p10_b2p0,0.1,2.0,pos_0p5_rot_8p0,0.5,8.0,high_noise,3,0.7232713410753847,0.09139927737403038,0.6983402884630482,0.0751096502198405,0.6066089889851858,0.021087522964472607,0.1462528397328958,0.15636407283134934,0.15091945222813016,0.8611663353214049,3,72.32713410753847,9.139927737403038,69.83402884630482,7.510965021984051,60.66089889851858,2.1087522964472605,14.62528397328958,15.636407283134934,15.091945222813017
uncertainty_fusion_attbias_a0p10_b2p0,0.1,2.0,pos_1p0_rot_14p0,1.0,14.0,high_noise,3,0.7010619613553505,0.06620895529967197,0.6796456278169133,0.043518151108297536,0.6004660056262249,0.006872314115478828,0.16846221945292994,0.17505873347748424,0.1570624355870911,0.7740225314777999,3,70.10619613553504,6.620895529967196,67.96456278169133,4.351815110829754,60.04660056262249,0.6872314115478828,16.846221945292996,17.505873347748423,15.70624355870911
uncertainty_fusion_attbias_a0p10_b2p0,0.1,2.0,pos_1p0_rot_4p0,1.0,4.0,medium_noise,3,0.7369164238993595,0.0855422305148318,0.7119793399513706,0.07939893977424167,0.6239502618892744,0.054664767629340125,0.13260775690892082,0.14272502134302692,0.13357817932404162,0.852882703777336,3,73.69164238993595,8.55422305148318,71.19793399513706,7.939893977424167,62.39502618892744,5.466476762934012,13.260775690892082,14.272502134302693,13.357817932404162
uncertainty_fusion_attbias_a0p10_b2p0,0.1,2.0,pos_1p0_rot_8p0,1.0,8.0,high_noise,3,0.7109689506961319,0.08162303187942908,0.6929586397103272,0.07056787012567121,0.6088552477610709,0.02673705596535448,0.15855523011214848,0.16174572158407033,0.14867319345224508,0.820079522862823,3,71.09689506961318,8.162303187942909,69.29586397103272,7.0567870125671215,60.88552477610709,2.673705596535448,15.855523011214848,16.174572158407035,14.867319345224509
uncertainty_fusion_attbias_a0p10_b2p0,0.1,2.0,pos_1p5_rot_14p0,1.5,14.0,high_noise,3,0.7020288806121576,0.05204974075701406,0.684579239978088,0.035006415714098744,0.6090391558562539,0.0053259489277435075,0.1674953001961228,0.1701251213163096,0.1484892853570621,0.6895294897282969,3,70.20288806121576,5.204974075701406,68.4579239978088,3.5006415714098744,60.90391558562539,0.5325948927743508,16.74953001961228,17.01251213163096,14.84892853570621
uncertainty_fusion_attbias_a0p10_b2p0,0.1,2.0,pos_1p5_rot_4p0,1.5,4.0,medium_noise,3,0.7187270445460386,0.07070413871112677,0.6998814849754877,0.0678669235910185,0.6215074262103643,0.04685094094250583,0.1507971362622417,0.15482287631890979,0.1360210150029517,0.7667329357190192,3,71.87270445460386,7.0704138711126765,69.98814849754878,6.786692359101849,62.15074262103643,4.685094094250583,15.07971362622417,15.482287631890978,13.602101500295168
uncertainty_fusion_attbias_a0p10_b2p0,0.1,2.0,pos_1p5_rot_8p0,1.5,8.0,high_noise,3,0.7044875729105762,0.0710311046152865,0.6878147951329928,0.06429661418178058,0.6083296250883143,0.030055049423589195,0.16503660789770422,0.16688956616140468,0.14919881612500166,0.7422133863485753,3,70.44875729105762,7.10311046152865,68.78147951329929,6.429661418178058,60.832962508831436,3.0055049423589195,16.50366078977042,16.68895661614047,14.919881612500166
uncertainty_fusion_attbias_a0p10_b2p0,0.1,2.0,pos_2p0_rot_14p0,2.0,14.0,high_noise,3,0.7039082772253615,0.03911835617880166,0.6904500016882706,0.029244633075232545,0.6158475750169911,0.011437098729897448,0.1656159035829189,0.16425435960612697,0.1416808661963249,0.5072895957587806,3,70.39082772253616,3.911835617880166,69.04500016882706,2.9244633075232547,61.58475750169911,1.1437098729897448,16.561590358291888,16.425435960612695,14.168086619632488
uncertainty_fusion_attbias_a0p10_b2p0,0.1,2.0,pos_2p0_rot_4p0,2.0,4.0,high_noise,3,0.7076154924866337,0.05555546612222062,0.6953356771280359,0.052375632116019026,0.624726931836463,0.03148110082491823,0.16190868832164665,0.1593686841663617,0.132801509376853,0.5931080185553347,3,70.76154924866337,5.555546612222062,69.53356771280359,5.237563211601903,62.4726931836463,3.148110082491823,16.190868832164664,15.936868416636171,13.2801509376853
uncertainty_fusion_attbias_a0p10_b2p0,0.1,2.0,pos_2p0_rot_8p0,2.0,8.0,high_noise,3,0.7056282530195958,0.05650944987773126,0.6931187948542629,0.04962067962867901,0.6207593775122291,0.026538522805276226,0.16389592778868467,0.16158556644013478,0.13676906370108685,0.57090788601723,3,70.56282530195958,5.6509449877731255,69.31187948542629,4.962067962867901,62.07593775122291,2.6538522805276226,16.38959277886847,16.158556644013476,13.676906370108686
uncertainty_fusion_attbias_a0p10_b2p0,0.1,2.0,pos_only_0p2,0.2,0.0,low_noise,3,0.8640590489783845,0.0038027478052119613,0.8490417630218893,0.0023362604326735378,0.7557882773451926,0.0015028566524463857,0.005465131829895904,0.005662598272508257,0.0017401638681234048,0.8946322067594433,3,86.40590489783845,0.3802747805211961,84.90417630218893,0.23362604326735378,75.57882773451927,0.15028566524463857,0.5465131829895904,0.5662598272508257,0.1740163868123405
uncertainty_fusion_attbias_a0p10_b2p0,0.1,2.0,pos_only_1p0,1.0,0.0,medium_noise,3,0.8236040371506408,0.013616562878869923,0.8070486306281796,0.013322227186723204,0.7082837492376862,0.013425929510641118,0.0459201436576396,0.04765573066621798,0.04924469197562983,0.8499005964214712,3,82.36040371506408,1.3616562878869924,80.70486306281795,1.3322227186723203,70.82837492376862,1.3425929510641117,4.59201436576396,4.765573066621798,4.924469197562983
uncertainty_fusion_attbias_a0p10_b2p0,0.1,2.0,pos_only_2p0,2.0,0.0,high_noise,3,0.7560597815506854,0.03638383011788835,0.7402489876642009,0.033964393274617595,0.655095674631706,0.02265910670447801,0.11346439925759495,0.11445537363019669,0.10243276658160994,0.596752816434725,3,75.60597815506854,3.638383011788835,74.0248987664201,3.3964393274617595,65.5095674631706,2.2659106704478007,11.346439925759496,11.44553736301967,10.243276658160994
uncertainty_fusion_attbias_a0p10_b2p0,0.1,2.0,rot_only_14p0,0.0,14.0,high_noise,3,0.7169724166092101,0.07237765881532786,0.6770625727853309,0.033438505801914015,0.5876629619546399,0.03195310563255893,0.1525517641990702,0.17764178850906667,0.1698654792586761,0.8363154406891983,3,71.69724166092101,7.237765881532786,67.70625727853309,3.3438505801914014,58.76629619546399,3.195310563255893,15.255176419907022,17.764178850906667,16.986547925867608
uncertainty_fusion_attbias_a0p10_b2p0,0.1,2.0,rot_only_4p0,0.0,4.0,medium_noise,3,0.7640537385348125,0.10446056644817975,0.7319192520485004,0.09755856999837603,0.6227725920933945,0.07488254628992841,0.10547044227346787,0.12278510924589721,0.13475584911992147,0.8956262425447316,3,76.40537385348125,10.446056644817975,73.19192520485004,9.755856999837603,62.277259209339455,7.488254628992841,10.547044227346786,12.278510924589721,13.475584911992147
uncertainty_fusion_attbias_a0p10_b2p0,0.1,2.0,rot_only_8p0,0.0,8.0,high_noise,3,0.7315031698648918,0.09758167072649575,0.7017764375712923,0.08173209959421632,0.5987861778260827,0.025726360882903934,0.1380210109433886,0.1529279237231053,0.1587422633872333,0.8790589794565937,3,73.15031698648919,9.758167072649576,70.17764375712923,8.173209959421632,59.878617782608266,2.5726360882903934,13.802101094338859,15.29279237231053,15.874226338723329
uncertainty_fusion_attbias_a0p20_b0p5,0.2,0.5,clean,0.0,0.0,clean,3,0.8710742299662778,0.00012202428239975914,0.8547328742837457,0.00019509294921504178,0.7552571837615002,0.001453413632731911,0.0,0.0,0.0,0.9025844930417496,3,87.10742299662778,0.012202428239975914,85.47328742837456,0.01950929492150418,75.52571837615002,0.1453413632731911,0.0,0.0,0.0
uncertainty_fusion_attbias_a0p20_b0p5,0.2,0.5,pos_0p2_rot_14p0,0.2,14.0,high_noise,3,0.7009466505684667,0.08057399335708025,0.662258738029317,0.041928462027594725,0.574625248934471,0.02107960332909916,0.17012757939781123,0.1924741362544287,0.18063193482702922,0.8343273691186216,3,70.09466505684668,8.057399335708025,66.2258738029317,4.192846202759473,57.462524893447096,2.107960332909916,17.012757939781125,19.24741362544287,18.06319348270292
uncertainty_fusion_attbias_a0p20_b0p5,0.2,0.5,pos_0p2_rot_4p0,0.2,4.0,medium_noise,3,0.7585674722559071,0.11380811429225107,0.7274819248085337,0.10605810682802841,0.6143740260461409,0.07377501383001651,0.11250675771037077,0.127250949475212,0.14088315771535934,0.8883366467859509,3,75.85674722559071,11.380811429225107,72.74819248085336,10.60581068280284,61.437402604614086,7.377501383001651,11.250675771037077,12.725094947521201,14.088315771535934
uncertainty_fusion_attbias_a0p20_b0p5,0.2,0.5,pos_0p2_rot_8p0,0.2,8.0,high_noise,3,0.7180179752754347,0.11201397814093053,0.6867045901125103,0.09140240511465726,0.5871527728692887,0.031516242295164955,0.15305625469084336,0.16802828417123541,0.1681044108922116,0.8724320742213386,3,71.80179752754347,11.201397814093053,68.67045901125103,9.140240511465727,58.71527728692887,3.1516242295164956,15.305625469084335,16.802828417123543,16.810441089221158
uncertainty_fusion_attbias_a0p20_b0p5,0.2,0.5,pos_0p5_rot_14p0,0.5,14.0,high_noise,3,0.6970479765889745,0.08490039678919119,0.6637812208919569,0.04405495264894004,0.5788866586466507,0.01414396676460456,0.17402625337730326,0.19095165339178885,0.17637052511484963,0.8220675944333996,3,69.70479765889746,8.49003967891912,66.37812208919568,4.405495264894004,57.888665864665064,1.4143966764604559,17.402625337730328,19.095165339178884,17.637052511484963
uncertainty_fusion_attbias_a0p20_b0p5,0.2,0.5,pos_0p5_rot_4p0,0.5,4.0,medium_noise,3,0.7465479669059091,0.10560145589286073,0.7164986265553613,0.09874030735290654,0.6147440292806562,0.06781667351494011,0.1245262630603688,0.13823424772838436,0.14051315448084403,0.878727634194831,3,74.65479669059091,10.560145589286073,71.64986265553614,9.874030735290654,61.47440292806562,6.781667351494011,12.45262630603688,13.823424772838436,14.051315448084404
uncertainty_fusion_attbias_a0p20_b0p5,0.2,0.5,pos_0p5_rot_8p0,0.5,8.0,high_noise,3,0.7081521273602767,0.1027641592824018,0.6821662623747807,0.08537989376067075,0.5907704641895659,0.028099339808536017,0.16292210260600123,0.17256661190896486,0.1644867195719343,0.8611663353214049,3,70.81521273602766,10.27641592824018,68.21662623747807,8.537989376067074,59.07704641895659,2.809933980853602,16.292210260600122,17.256661190896487,16.44867195719343
uncertainty_fusion_attbias_a0p20_b0p5,0.2,0.5,pos_1p0_rot_14p0,1.0,14.0,high_noise,3,0.6814788230451345,0.07656180599803263,0.6580947268400655,0.05145901840592176,0.5804041403443772,0.0068914311535649845,0.1895954069211433,0.19663814744368022,0.17485304341712304,0.7740225314777999,3,68.14788230451344,7.656180599803262,65.80947268400655,5.145901840592176,58.04041403443772,0.6891431153564984,18.95954069211433,19.663814744368022,17.485304341712304
uncertainty_fusion_attbias_a0p20_b0p5,0.2,0.5,pos_1p0_rot_4p0,1.0,4.0,medium_noise,3,0.7268110741293087,0.09766501331343821,0.6999095231490857,0.0897591354167148,0.6100118893073652,0.06169748017839125,0.14426315583696916,0.15482335113466006,0.14524529445413503,0.852882703777336,3,72.68110741293087,9.766501331343822,69.99095231490857,8.975913541671481,61.00118893073652,6.169748017839125,14.426315583696917,15.482335113466005,14.524529445413503
uncertainty_fusion_attbias_a0p20_b0p5,0.2,0.5,pos_1p0_rot_8p0,1.0,8.0,high_noise,3,0.6949446948297604,0.09458953157078531,0.6750170399062528,0.0815212653633498,0.5909631403442527,0.035923753943722284,0.17612953513651752,0.17971583437749294,0.16429404341724754,0.820079522862823,3,69.49446948297604,9.45895315707853,67.50170399062529,8.15212653633498,59.09631403442527,3.5923753943722283,17.612953513651753,17.971583437749295,16.429404341724755
uncertainty_fusion_attbias_a0p20_b0p5,0.2,0.5,pos_1p5_rot_14p0,1.5,14.0,high_noise,3,0.6797926998044687,0.0632945963698954,0.6614412845820504,0.04483014131479646,0.5874449481436974,0.008101661968394633,0.19128153016180924,0.19329158970169524,0.16781223561780287,0.6895294897282969,3,67.97926998044687,6.32945963698954,66.14412845820505,4.483014131479646,58.744494814369745,0.8101661968394633,19.128153016180924,19.329158970169523,16.781223561780287
uncertainty_fusion_attbias_a0p20_b0p5,0.2,0.5,pos_1p5_rot_4p0,1.5,4.0,medium_noise,3,0.706715844881578,0.08166163919356965,0.6856356912191539,0.07572662288707004,0.605889237835599,0.052728483996426115,0.16435838508469988,0.16909718306459176,0.1493679459259012,0.7667329357190192,3,70.6715844881578,8.166163919356965,68.56356912191539,7.572662288707003,60.5889237835599,5.272848399642611,16.43583850846999,16.909718306459176,14.936794592590118
uncertainty_fusion_attbias_a0p20_b0p5,0.2,0.5,pos_1p5_rot_8p0,1.5,8.0,high_noise,3,0.6875594608763879,0.08364700382759349,0.6684527156047301,0.07431002688393469,0.5886507224320149,0.03714591094284901,0.1835147690898901,0.1862801586790156,0.1666064613294854,0.7422133863485753,3,68.75594608763879,8.364700382759349,66.84527156047301,7.431002688393469,58.86507224320149,3.714591094284901,18.35147690898901,18.62801586790156,16.66064613294854
uncertainty_fusion_attbias_a0p20_b0p5,0.2,0.5,pos_2p0_rot_14p0,2.0,14.0,high_noise,3,0.6820361605348616,0.05106037820233083,0.667602167509988,0.03957284435247531,0.5965264916471857,0.019946392794745034,0.18903806943141632,0.18713070677375773,0.15873069211431448,0.5072895957587806,3,68.20361605348616,5.106037820233083,66.76021675099881,3.957284435247531,59.652649164718575,1.9946392794745034,18.903806943141632,18.71307067737577,15.873069211431448
uncertainty_fusion_attbias_a0p20_b0p5,0.2,0.5,pos_2p0_rot_4p0,2.0,4.0,high_noise,3,0.6926967278260902,0.06719593396019656,0.67972985675692,0.06345079489119758,0.6078041400894191,0.040619027256493453,0.1783775021401878,0.17500301752682582,0.1474530436720811,0.5931080185553347,3,69.26967278260902,6.719593396019656,67.972985675692,6.345079489119758,60.78041400894191,4.061902725649345,17.83775021401878,17.50030175268258,14.745304367208108
uncertainty_fusion_attbias_a0p20_b0p5,0.2,0.5,pos_2p0_rot_8p0,2.0,8.0,high_noise,3,0.6890906861410245,0.07107049332354469,0.6747861831030789,0.06380748251714886,0.6025254579858478,0.03776029724438027,0.1819835438252533,0.1799466911806669,0.1527317257756525,0.57090788601723,3,68.90906861410245,7.107049332354469,67.4786183103079,6.380748251714887,60.25254579858478,3.776029724438027,18.19835438252533,17.99466911806669,15.27317257756525
uncertainty_fusion_attbias_a0p20_b0p5,0.2,0.5,pos_only_0p2,0.2,0.0,low_noise,3,0.8637500485591025,0.004315817514968438,0.8476446806605722,0.0033061097799579266,0.7509477327519902,0.0028393584536028373,0.00732418140717539,0.00708819362317344,0.004309451009509968,0.8946322067594433,3,86.37500485591025,0.4315817514968438,84.76446806605722,0.33061097799579264,75.09477327519902,0.2839358453602837,0.732418140717539,0.708819362317344,0.4309451009509968
uncertainty_fusion_attbias_a0p20_b0p5,0.2,0.5,pos_only_1p0,1.0,0.0,medium_noise,3,0.8219890883361941,0.015128768186785444,0.8033158479762128,0.014568442316161124,0.7006814547381847,0.014003099903504948,0.049085141630083894,0.051417026307532865,0.05457572902331561,0.8499005964214712,3,82.19890883361941,1.5128768186785444,80.33158479762128,1.4568442316161123,70.06814547381846,1.4003099903504947,4.908514163008389,5.1417026307532865,5.457572902331561
uncertainty_fusion_attbias_a0p20_b0p5,0.2,0.5,pos_only_2p0,2.0,0.0,high_noise,3,0.7490113580941052,0.03287456086285425,0.7303307567098177,0.02937313534464465,0.6435850048748254,0.017776702647943184,0.12206287187217262,0.12440211757392801,0.11167217888667476,0.596752816434725,3,74.90113580941052,3.287456086285425,73.03307567098177,2.937313534464465,64.35850048748254,1.7776702647943183,12.206287187217262,12.4402117573928,11.167217888667476
uncertainty_fusion_attbias_a0p20_b0p5,0.2,0.5,rot_only_14p0,0.0,14.0,high_noise,3,0.7018244180127663,0.08180933553750903,0.6599343323280543,0.0393976063766866,0.5692274803548728,0.02780179708465806,0.16924981195351155,0.19479854195569138,0.18602970340662742,0.8363154406891983,3,70.18244180127662,8.180933553750904,65.99343323280543,3.93976063766866,56.92274803548728,2.780179708465806,16.924981195351155,19.47985419556914,18.602970340662743
uncertainty_fusion_attbias_a0p20_b0p5,0.2,0.5,rot_only_4p0,0.0,4.0,medium_noise,3,0.756902354722468,0.11486815887116614,0.7223551008371568,0.1072815003157452,0.6095855322537843,0.08122186268255871,0.11417187524380985,0.13237777344658883,0.14567165150771588,0.8956262425447316,3,75.6902354722468,11.486815887116613,72.23551008371568,10.72815003157452,60.95855322537843,8.12218626825587,11.417187524380985,13.237777344658882,14.567165150771588
uncertainty_fusion_attbias_a0p20_b0p5,0.2,0.5,rot_only_8p0,0.0,8.0,high_noise,3,0.7210633486861117,0.10775640955203962,0.6887814084200787,0.09186367517779853,0.5827233694360774,0.031053456425959136,0.15001088128016618,0.1659514658636669,0.17253381432542284,0.8790589794565937,3,72.10633486861117,10.775640955203961,68.87814084200787,9.186367517779853,58.27233694360774,3.1053456425959136,15.001088128016619,16.595146586366692,17.253381432542284
uncertainty_fusion_attbias_a0p20_b1p0,0.2,1.0,clean,0.0,0.0,clean,3,0.8701665799975952,0.0003827249797569377,0.8548553795377912,0.0005185834118590814,0.7580839991969234,0.001072014187616558,0.0,0.0,0.0,0.9025844930417496,3,87.01665799975952,0.03827249797569377,85.48553795377913,0.051858341185908145,75.80839991969233,0.1072014187616558,0.0,0.0,0.0
uncertainty_fusion_attbias_a0p20_b1p0,0.2,1.0,pos_0p2_rot_14p0,0.2,14.0,high_noise,3,0.7160204967431117,0.07126810047470186,0.6794181737081803,0.03545291827778124,0.593108423041365,0.02648145996352403,0.15414608325448353,0.17543720582961098,0.16497557615555836,0.8343273691186216,3,71.60204967431117,7.126810047470186,67.94181737081803,3.545291827778124,59.3108423041365,2.648145996352403,15.414608325448354,17.543720582961097,16.497557615555834
uncertainty_fusion_attbias_a0p20_b1p0,0.2,1.0,pos_0p2_rot_4p0,0.2,4.0,medium_noise,3,0.76524994538519,0.10219772671444315,0.7372782925100293,0.09732848554459607,0.6273233358172693,0.0680721415250367,0.10491663461240526,0.117577087027762,0.130760663379654,0.8883366467859509,3,76.524994538519,10.219772671444314,73.72782925100293,9.732848554459608,62.73233358172693,6.807214152503669,10.491663461240526,11.757708702776199,13.0760663379654
uncertainty_fusion_attbias_a0p20_b1p0,0.2,1.0,pos_0p2_rot_8p0,0.2,8.0,high_noise,3,0.7303047793869849,0.10070983608124823,0.7012662433001364,0.08207119622234942,0.6032625662057357,0.027905274565102663,0.13986180061061035,0.15358913623765477,0.15482143299118759,0.8724320742213386,3,73.0304779386985,10.070983608124823,70.12662433001364,8.207119622234941,60.326256620573574,2.7905274565102665,13.986180061061035,15.358913623765478,15.482143299118759
uncertainty_fusion_attbias_a0p20_b1p0,0.2,1.0,pos_0p5_rot_14p0,0.5,14.0,high_noise,3,0.7142389913079578,0.074521170061523,0.6831575097265178,0.03724527351372632,0.5962388405491902,0.021911417231987366,0.1559275886896376,0.1716978698112734,0.16184515864773316,0.8220675944333996,3,71.42389913079577,7.4521170061523,68.31575097265178,3.724527351372632,59.62388405491902,2.1911417231987365,15.59275886896376,17.16978698112734,16.184515864773317
uncertainty_fusion_attbias_a0p20_b1p0,0.2,1.0,pos_0p5_rot_4p0,0.5,4.0,medium_noise,3,0.7534770084733476,0.09649376181180036,0.7260070808342892,0.09019833065345081,0.6261981184114397,0.06140088411827096,0.11668957152424757,0.12884829870350203,0.13188588078548366,0.878727634194831,3,75.34770084733476,9.649376181180036,72.60070808342893,9.01983306534508,62.61981184114397,6.1400884118270955,11.668957152424756,12.884829870350204,13.188588078548365
uncertainty_fusion_attbias_a0p20_b1p0,0.2,1.0,pos_0p5_rot_8p0,0.5,8.0,high_noise,3,0.7236699369355621,0.09155025259622626,0.6986713364427227,0.07559595164443153,0.6070423193508859,0.021572965956551157,0.14649664306203303,0.15618404309506842,0.15104167984603736,0.8611663353214049,3,72.36699369355621,9.155025259622626,69.86713364427227,7.559595164443153,60.70423193508859,2.1572965956551156,14.649664306203302,15.618404309506841,15.104167984603736
uncertainty_fusion_attbias_a0p20_b1p0,0.2,1.0,pos_1p0_rot_14p0,1.0,14.0,high_noise,3,0.7006884498081697,0.06704427357580622,0.679342436318799,0.044252891977840395,0.6007777762938299,0.007467840620777106,0.16947813018942556,0.17551294321899216,0.15730622290309346,0.7740225314777999,3,70.06884498081696,6.704427357580622,67.9342436318799,4.425289197784039,60.077777629382986,0.7467840620777105,16.947813018942558,17.551294321899217,15.730622290309345
uncertainty_fusion_attbias_a0p20_b1p0,0.2,1.0,pos_1p0_rot_4p0,1.0,4.0,medium_noise,3,0.737296712211371,0.08598606036963106,0.7125147390236127,0.07985540563048041,0.6241454959782522,0.0550347305212042,0.13286986778622412,0.14234064051417847,0.13393850321867118,0.852882703777336,3,73.72967122113711,8.598606036963107,71.25147390236127,7.9855405630480405,62.41454959782522,5.5034730521204205,13.286986778622412,14.234064051417846,13.393850321867118
uncertainty_fusion_attbias_a0p20_b1p0,0.2,1.0,pos_1p0_rot_8p0,1.0,8.0,high_noise,3,0.7115496029380628,0.0830404795103747,0.6932361064621676,0.07173958681714278,0.6094108700199133,0.027369727634364748,0.15861697705953248,0.1616192730756237,0.14867312917700995,0.820079522862823,3,71.15496029380628,8.30404795103747,69.32361064621676,7.173958681714278,60.941087001991335,2.7369727634364747,15.861697705953247,16.161927307562372,14.867312917700994
uncertainty_fusion_attbias_a0p20_b1p0,0.2,1.0,pos_1p5_rot_14p0,1.5,14.0,high_noise,3,0.7021078212760296,0.05259251919651888,0.6847347324417518,0.035274668927853685,0.6095651514752576,0.004663491339125106,0.16805875872156575,0.17012064709603947,0.1485188477216657,0.6895294897282969,3,70.21078212760295,5.259251919651888,68.47347324417518,3.5274668927853683,60.95651514752576,0.4663491339125106,16.805875872156577,17.012064709603948,14.85188477216657
uncertainty_fusion_attbias_a0p20_b1p0,0.2,1.0,pos_1p5_rot_4p0,1.5,4.0,medium_noise,3,0.7196063587847341,0.07105410360744557,0.7008067255490241,0.0680810806083021,0.6220182104820531,0.047191426269614686,0.15056022121286117,0.154048653988767,0.13606578871487027,0.7667329357190192,3,71.96063587847341,7.105410360744557,70.0806725549024,6.808108060830211,62.20182104820531,4.719142626961468,15.056022121286116,15.4048653988767,13.606578871487027
uncertainty_fusion_attbias_a0p20_b1p0,0.2,1.0,pos_1p5_rot_8p0,1.5,8.0,high_noise,3,0.7054421386054913,0.0711471631646858,0.6885988425626081,0.06435803190535308,0.6090056761262786,0.029510081811426205,0.16472444139210393,0.16625653697518308,0.14907832307064475,0.7422133863485753,3,70.54421386054914,7.114716316468581,68.85988425626081,6.435803190535308,60.90056761262787,2.9510081811426203,16.472444139210392,16.62565369751831,14.907832307064476
uncertainty_fusion_attbias_a0p20_b1p0,0.2,1.0,pos_2p0_rot_14p0,2.0,14.0,high_noise,3,0.7026930044001715,0.04004457321346086,0.6896006762398942,0.0297623695512301,0.6153631378552508,0.010918301954843961,0.16747357559742374,0.16525470329789707,0.1427208613416726,0.5072895957587806,3,70.26930044001715,4.004457321346086,68.96006762398942,2.97623695512301,61.536313785525074,1.091830195484396,16.747357559742373,16.52547032978971,14.27208613416726
uncertainty_fusion_attbias_a0p20_b1p0,0.2,1.0,pos_2p0_rot_4p0,2.0,4.0,high_noise,3,0.7076811990230283,0.05636248095302556,0.6958845436761828,0.052934311756376355,0.6253824666577043,0.03217435974039297,0.16248538097456688,0.15897083586160843,0.13270153253921904,0.5931080185553347,3,70.76811990230283,5.636248095302556,69.58845436761828,5.293431175637635,62.53824666577042,3.217435974039297,16.248538097456688,15.897083586160843,13.270153253921904
uncertainty_fusion_attbias_a0p20_b1p0,0.2,1.0,pos_2p0_rot_8p0,2.0,8.0,high_noise,3,0.7054447076141961,0.05665837177400281,0.6927481295531037,0.049781882413882504,0.62113069681221,0.026428985552434777,0.1647218723833992,0.16210724998468748,0.1369533023847133,0.57090788601723,3,70.5444707614196,5.665837177400281,69.27481295531037,4.97818824138825,62.113069681221,2.6428985552434776,16.47218723833992,16.21072499846875,13.695330238471328
uncertainty_fusion_attbias_a0p20_b1p0,0.2,1.0,pos_only_0p2,0.2,0.0,low_noise,3,0.8644261817890957,0.0036201469434102643,0.8494509570676984,0.0020932423062061793,0.7558206013938725,0.00163128166461045,0.005740398208499475,0.005404422470092911,0.0022633978030507373,0.8946322067594433,3,86.44261817890957,0.3620146943410264,84.94509570676983,0.20932423062061792,75.58206013938725,0.163128166461045,0.5740398208499475,0.5404422470092911,0.22633978030507373
uncertainty_fusion_attbias_a0p20_b1p0,0.2,1.0,pos_only_1p0,1.0,0.0,medium_noise,3,0.8243648941568965,0.013358100371870105,0.8078038074145871,0.013277128990075927,0.7086454538152077,0.013401550259426692,0.045801685840698804,0.04705157212320402,0.04943854538171566,0.8499005964214712,3,82.43648941568965,1.3358100371870105,80.78038074145871,1.3277128990075926,70.86454538152077,1.340155025942669,4.58016858406988,4.705157212320402,4.943854538171566
uncertainty_fusion_attbias_a0p20_b1p0,0.2,1.0,pos_only_2p0,2.0,0.0,high_noise,3,0.7566613462787654,0.035710346448939896,0.7407713282382279,0.033265743976298286,0.655750750342651,0.022015612165397214,0.11350523371882985,0.11408405129956323,0.10233324885427235,0.596752816434725,3,75.66613462787653,3.57103464489399,74.0771328238228,3.3265743976298285,65.5750750342651,2.201561216539721,11.350523371882986,11.408405129956323,10.233324885427235
uncertainty_fusion_attbias_a0p20_b1p0,0.2,1.0,rot_only_14p0,0.0,14.0,high_noise,3,0.7166431011369142,0.07251658690815402,0.6767884146778879,0.033644089432176935,0.5875128327676464,0.032131935002405,0.15352347886068105,0.17806696485990336,0.17057116642927692,0.8363154406891983,3,71.66431011369141,7.251658690815402,67.67884146778879,3.3644089432176933,58.751283276764646,3.2131935002405,15.352347886068104,17.806696485990336,17.057116642927692
uncertainty_fusion_attbias_a0p20_b1p0,0.2,1.0,rot_only_4p0,0.0,4.0,medium_noise,3,0.7644720308438847,0.10445339161869438,0.7322558631646584,0.09755460938726107,0.622962047679341,0.07482966405371289,0.10569454915371057,0.12259951637313282,0.1351219515175823,0.8956262425447316,3,76.44720308438848,10.445339161869438,73.22558631646584,9.755460938726108,62.29620476793411,7.482966405371289,10.569454915371058,12.259951637313282,13.51219515175823
uncertainty_fusion_attbias_a0p20_b1p0,0.2,1.0,rot_only_8p0,0.0,8.0,high_noise,3,0.7321064838028439,0.09795896069392629,0.7020674979799454,0.08169638302020195,0.5991066323670071,0.025855467621005747,0.13806009619475137,0.15278788155784576,0.15897736682991626,0.8790589794565937,3,73.2106483802844,9.79589606939263,70.20674979799453,8.169638302020195,59.910663236700714,2.5855467621005745,13.806009619475137,15.278788155784575,15.897736682991626
uncertainty_fusion_attbias_a0p20_b2p0,0.2,2.0,clean,0.0,0.0,clean,3,0.8702905914183944,0.0001847060535455912,0.8581248392135478,0.0002633038060515082,0.7654702976531582,0.0008133656233030637,0.0,0.0,0.0,0.9025844930417496,3,87.02905914183944,0.01847060535455912,85.81248392135478,0.02633038060515082,76.54702976531583,0.08133656233030637,0.0,0.0,0.0
uncertainty_fusion_attbias_a0p20_b2p0,0.2,2.0,pos_0p2_rot_14p0,0.2,14.0,high_noise,3,0.7328957784880962,0.05987416957389521,0.7004601682732571,0.02886463807676912,0.6165758480961077,0.02715744883269378,0.13739481293029812,0.15766467094029082,0.14889444955705053,0.8343273691186216,3,73.28957784880961,5.987416957389521,70.0460168273257,2.886463807676912,61.65758480961077,2.715744883269378,13.739481293029812,15.766467094029082,14.889444955705052
uncertainty_fusion_attbias_a0p20_b2p0,0.2,2.0,pos_0p2_rot_4p0,0.2,4.0,medium_noise,3,0.7736469280902375,0.0887424524820026,0.7484804050515842,0.08551058064668592,0.6455321653597547,0.061715814183330345,0.09664366332815677,0.10964443416196361,0.11993813229340355,0.8883366467859509,3,77.36469280902375,8.87424524820026,74.84804050515842,8.551058064668592,64.55321653597547,6.171581418333035,9.664366332815677,10.96444341619636,11.993813229340356
uncertainty_fusion_attbias_a0p20_b2p0,0.2,2.0,pos_0p2_rot_8p0,0.2,8.0,high_noise,3,0.7455472500228361,0.0866730022581231,0.7197728672098119,0.06887416960337,0.6241139322232963,0.01951055907966409,0.1247433413955582,0.1383519720037358,0.14135636542986194,0.8724320742213386,3,74.5547250022836,8.66730022581231,71.9772867209812,6.887416960337001,62.41139322232962,1.9510559079664092,12.47433413955582,13.83519720037358,14.135636542986193
uncertainty_fusion_attbias_a0p20_b2p0,0.2,2.0,pos_0p5_rot_14p0,0.5,14.0,high_noise,3,0.7333299004926145,0.06206429564952644,0.704920321583039,0.02906910672432309,0.6196809544558509,0.022763769823317567,0.13696069092577992,0.1532045176305088,0.14578934319730727,0.8220675944333996,3,73.33299004926145,6.206429564952644,70.4920321583039,2.906910672432309,61.96809544558509,2.276376982331757,13.696069092577993,15.32045176305088,14.578934319730728
uncertainty_fusion_attbias_a0p20_b2p0,0.2,2.0,pos_0p5_rot_4p0,0.5,4.0,medium_noise,3,0.7649804221419304,0.08071693449311416,0.741168317046907,0.07611448074313797,0.6446304587943604,0.0523506031600739,0.10531016927646379,0.11695652216664087,0.12083983885879775,0.878727634194831,3,76.49804221419303,8.071693449311416,74.1168317046907,7.611448074313796,64.46304587943604,5.23506031600739,10.531016927646379,11.695652216664087,12.083983885879775
uncertainty_fusion_attbias_a0p20_b2p0,0.2,2.0,pos_0p5_rot_8p0,0.5,8.0,high_noise,3,0.7402548026291215,0.07893495261084382,0.7189033431043891,0.06418432393549522,0.6295720317498489,0.01668871506177914,0.1300357887892729,0.1392214961091588,0.13589826590330936,0.8611663353214049,3,74.02548026291214,7.893495261084382,71.8903343104389,6.418432393549523,62.95720317498489,1.668871506177914,13.003578878927291,13.922149610915879,13.589826590330937
uncertainty_fusion_attbias_a0p20_b2p0,0.2,2.0,pos_1p0_rot_14p0,1.0,14.0,high_noise,3,0.722933594066301,0.052049207960873166,0.7043186256160378,0.033854897802982405,0.6271227088882826,0.00864530409820091,0.1473569973520933,0.15380621359751015,0.13834758876487566,0.7740225314777999,3,72.2933594066301,5.2049207960873165,70.43186256160378,3.3854897802982404,62.71227088882826,0.864530409820091,14.735699735209328,15.380621359751014,13.834758876487566
uncertainty_fusion_attbias_a0p20_b2p0,0.2,2.0,pos_1p0_rot_4p0,1.0,4.0,medium_noise,3,0.7499036325500631,0.07325954517708104,0.7292638260928882,0.07018987670733462,0.6437016747278995,0.04799500115567136,0.12038695886833124,0.12886101312065967,0.12176862292525865,0.852882703777336,3,74.99036325500632,7.325954517708104,72.92638260928882,7.018987670733462,64.37016747278996,4.799500115567136,12.038695886833125,12.886101312065968,12.176862292525865
uncertainty_fusion_attbias_a0p20_b2p0,0.2,2.0,pos_1p0_rot_8p0,1.0,8.0,high_noise,3,0.7315192004167302,0.0662648183201409,0.7165251134546016,0.057300975801224625,0.6334241957636839,0.020681470730961497,0.13877139100166413,0.1415997257589463,0.1320461018894743,0.820079522862823,3,73.15192004167302,6.626481832014091,71.65251134546016,5.730097580122463,63.34241957636839,2.0681470730961498,13.877139100166413,14.159972575894631,13.20461018894743
uncertainty_fusion_attbias_a0p20_b2p0,0.2,2.0,pos_1p5_rot_14p0,1.5,14.0,high_noise,3,0.7224323464647138,0.03994834215609649,0.7079636146157982,0.026642002371370137,0.6319637663889116,0.003735834826499063,0.14785824495368058,0.1501612245977497,0.1335065312642466,0.6895294897282969,3,72.24323464647138,3.994834215609649,70.79636146157982,2.6642002371370137,63.19637663889116,0.3735834826499063,14.785824495368058,15.01612245977497,13.35065312642466
uncertainty_fusion_attbias_a0p20_b2p0,0.2,2.0,pos_1p5_rot_4p0,1.5,4.0,medium_noise,3,0.7328923506940302,0.05789609871429599,0.7182650155787651,0.056834252084804415,0.6440144575264658,0.040540122165246904,0.1373982407243641,0.13985982363478275,0.12145584012669246,0.7667329357190192,3,73.28923506940302,5.789609871429599,71.82650155787651,5.6834252084804415,64.40144575264658,4.054012216524691,13.73982407243641,13.985982363478275,12.145584012669246
uncertainty_fusion_attbias_a0p20_b2p0,0.2,2.0,pos_1p5_rot_8p0,1.5,8.0,high_noise,3,0.7250838938074088,0.05445086398213189,0.7111612016840683,0.04913466466083083,0.6333864186355297,0.02209613127239464,0.1452066976109854,0.1469636375294796,0.13208387901762844,0.7422133863485753,3,72.50838938074088,5.445086398213189,71.11612016840682,4.913466466083083,63.33864186355297,2.209613127239464,14.52066976109854,14.69636375294796,13.208387901762844
uncertainty_fusion_attbias_a0p20_b2p0,0.2,2.0,pos_2p0_rot_14p0,2.0,14.0,high_noise,3,0.7205163370688057,0.03044945037913738,0.70918271257205,0.021929959598408003,0.6362602523257189,0.006356067964637496,0.1497742543495887,0.14894212664149784,0.12921004532743932,0.5072895957587806,3,72.05163370688057,3.044945037913738,70.918271257205,2.1929959598408004,63.62602523257189,0.6356067964637496,14.97742543495887,14.894212664149784,12.921004532743932
uncertainty_fusion_attbias_a0p20_b2p0,0.2,2.0,pos_2p0_rot_4p0,2.0,4.0,high_noise,3,0.7211844023860489,0.04551444108241894,0.7116215958979809,0.04305472249156759,0.6441027113343275,0.02828170834027969,0.1491061890323455,0.14650324331556694,0.12136758631883071,0.5931080185553347,3,72.11844023860489,4.551444108241895,71.1621595897981,4.305472249156759,64.41027113343274,2.828170834027969,14.910618903234548,14.650324331556694,12.13675863188307
uncertainty_fusion_attbias_a0p20_b2p0,0.2,2.0,pos_2p0_rot_8p0,2.0,8.0,high_noise,3,0.7214088615192981,0.04324869945143753,0.7114242365201543,0.038087490128357965,0.6407315561396613,0.02158148205131922,0.14888172989909618,0.14670060269339347,0.12473874151349695,0.57090788601723,3,72.1408861519298,4.324869945143753,71.14242365201542,3.8087490128357966,64.07315561396612,2.158148205131922,14.888172989909618,14.670060269339347,12.473874151349696
uncertainty_fusion_attbias_a0p20_b2p0,0.2,2.0,pos_only_0p2,0.2,0.0,low_noise,3,0.8639497071958678,0.0026513334288731367,0.8512880276866283,0.0013524750583368548,0.7616540930718468,0.00025843648527803083,0.0063408842225265065,0.0068368115269196545,0.0038162045813112666,0.8946322067594433,3,86.39497071958678,0.26513334288731366,85.12880276866282,0.13524750583368547,76.16540930718469,0.025843648527803083,0.6340884222526506,0.6836811526919655,0.38162045813112666
uncertainty_fusion_attbias_a0p20_b2p0,0.2,2.0,pos_only_1p0,1.0,0.0,medium_noise,3,0.825964638919606,0.012462677598837776,0.8129467979372965,0.012590368284864453,0.7193142982416196,0.0106917907940792,0.04432595249878831,0.04517804127625121,0.04615599941153866,0.8499005964214712,3,82.59646389196061,1.2462677598837777,81.29467979372966,1.2590368284864453,71.93142982416197,1.06917907940792,4.4325952498788315,4.517804127625121,4.615599941153866
uncertainty_fusion_attbias_a0p20_b2p0,0.2,2.0,pos_only_2p0,2.0,0.0,high_noise,3,0.7603849150995075,0.03509443904079745,0.7486807250787852,0.03349142728390509,0.6688960839414945,0.024408029216220515,0.10990567631888677,0.10944411413476259,0.09657421371166375,0.596752816434725,3,76.03849150995075,3.5094439040797445,74.86807250787852,3.3491427283905093,66.88960839414945,2.4408029216220517,10.990567631888677,10.944411413476258,9.657421371166375
uncertainty_fusion_attbias_a0p20_b2p0,0.2,2.0,rot_only_14p0,0.0,14.0,high_noise,3,0.7336462665302351,0.0617286735007369,0.6987774455677922,0.027439055476373674,0.6111001788265112,0.03192478054182069,0.13664432488815917,0.15934739364575567,0.15437011882664706,0.8363154406891983,3,73.3646266530235,6.17286735007369,69.87774455677922,2.7439055476373673,61.11001788265112,3.1924780541820694,13.664432488815917,15.934739364575567,15.437011882664706
uncertainty_fusion_attbias_a0p20_b2p0,0.2,2.0,rot_only_4p0,0.0,4.0,medium_noise,3,0.7747767232598314,0.0899931412920542,0.7456299342324301,0.08607707136952858,0.6413567891554827,0.06743363118866703,0.09551386815856296,0.1124949049811178,0.12411350849767559,0.8956262425447316,3,77.47767232598314,8.99931412920542,74.562993423243,8.607707136952857,64.13567891554827,6.743363118866704,9.551386815856295,11.249490498111781,12.41135084976756
uncertainty_fusion_attbias_a0p20_b2p0,0.2,2.0,rot_only_8p0,0.0,8.0,high_noise,3,0.7470923229071221,0.08476470415906984,0.7216002694965796,0.07077878147983492,0.6205065695394972,0.020705601037237054,0.12319826851127218,0.13652456971696816,0.14496372811366096,0.8790589794565937,3,74.70923229071221,8.476470415906984,72.16002694965796,7.077878147983492,62.050656953949726,2.0705601037237056,12.319826851127218,13.652456971696816,14.496372811366095
